Food_Item,Nutrient_1,Nutrient_2,Nutrient_3,Nutrient_4,Nutrient_5,Nutrient_6,Nutrient_7,Nutrient_8,Nutrient_9,Nutrient_10,Nutrient_11,Nutrient_12,Nutrient_13,Nutrient_14,Nutrient_15,Nutrient_16,Nutrient_17,Nutrient_18,Nutrient_19,Nutrient_20,Nutrient_21,Nutrient_22,Nutrient_23,Nutrient_24,Nutrient_25,Nutrient_26,Nutrient_27,Nutrient_28,Nutrient_29,Nutrient_30,Nutrient_31,Nutrient_32,Nutrient_33,Nutrient_34,Nutrient_35,Nutrient_36,Nutrient_37,Nutrient_38,Nutrient_39,Nutrient_40,Nutrient_41,Nutrient_42,Nutrient_43,Nutrient_44,Nutrient_45,Nutrient_46,Nutrient_47,Nutrient_48,Nutrient_49,Nutrient_50,Nutrient_51,Nutrient_52,Nutrient_53,Nutrient_54,Nutrient_55,Nutrient_56,Nutrient_57,Nutrient_58,Nutrient_59,Nutrient_60
Food_1,0.007527289,0.005511919,0.009604753,0.006795912,0.004814695,0.006457539,0.001172739,0.003714173,0.006941562,0.003610698,0.006562139,0.004858918,0.002219267,0.003684541,0.006129684,0.006317855,0.006168927,0.006878807,0.006868929,0.004882766,0.009068919,0.004308057,0.004922784,0.00902731,0.008255746,0.007334997,0.001902042,0.009275344,0.007428172,0.009989623,0.002345035,0.008813135,0.002462436,0.006540036,0.00211438,0.008632074,0.008265871,0.006121907,0.00466465,0.001622503,0.007276859,0.005081884,0.0074985,0.008797441,0.009779694,0.00870223,0.001105427,0.004239803,0.007569915,0.002544667,0.005689329,0.001489042,0.002799969,0.001166696,0.008143279,0.003015322,0.004108165,0.009352732,0.00733973,0.00128655
Food_2,0.002482247,0.006593306,0.006195057,0.003141035,0.009407926,0.006525694,0.005820695,0.00630919,0.007571098,0.003807505,0.00458399,0.002888594,0.002675737,0.009499352,0.007655957,0.005414129,0.003046732,0.003289208,0.001522262,0.00490975,0.003806163,0.007267091,0.004399767,0.002616433,0.001222109,0.001605247,0.007114535,0.005083272,0.005829213,0.009070042,0.009913051,0.002952073,0.006967704,0.003369901,0.001185859,0.007825408,0.003880154,0.004451175,0.006294854,0.008479436,0.006660837,0.008853856,0.003461878,0.008182422,0.002670723,0.009575125,0.007187394,0.002939569,0.009526335,0.007577702,0.003285475,0.002919808,0.005663806,0.001230964,0.002867231,0.004822169,0.00436753,0.005172179,0.003498658,0.006281059
Food_3,0.0087747,0.002057787,0.005656412,0.002188613,0.007451737,0.004564537,0.006088792,0.002649519,0.00230363,0.005392507,0.004200515,0.009463888,0.007887927,0.007737973,0.009133478,0.001750802,0.005969732,0.006260285,0.009657427,0.003629328,0.003167459,0.001902645,0.001147867,0.009365764,0.007029249,0.008066376,0.003535571,0.006277691,0.001575597,0.005370648,0.009797456,0.008888547,0.004043431,0.009654131,0.003085315,0.009543869,0.009472399,0.008192823,0.006674031,0.008868592,0.003637183,0.008640492,0.00656089,0.001119132,0.004125102,0.002333268,0.009836465,0.005305333,0.005476522,0.006755253,0.004317261,0.002232102,0.00839906,0.002708631,0.005601871,0.003018853,0.0018806,0.008759724,0.009756275,0.009647512
Food_4,0.009158999,0.007966426,0.003998306,0.001729913,0.004665171,0.003090107,0.002192389,0.001480845,0.007530349,0.001102847,0.007935227,0.00232252,0.001715699,0.001806427,0.00704843,0.003208305,0.004784855,0.006016319,0.008744961,0.007543398,0.003432951,0.002183345,0.001498369,0.003714388,0.003359063,0.005105265,0.007149532,0.007260629,0.00355167,0.004419343,0.002630359,0.00809691,0.001511633,0.007272975,0.008008259,0.007996668,0.003334803,0.004364318,0.006288397,0.003455397,0.004337675,0.002773489,0.005138703,0.001401511,0.008198163,0.001692608,0.005669516,0.003761291,0.006197887,0.0096349,0.006810132,0.001318262,0.004873622,0.005590152,0.005825597,0.007132533,0.003498365,0.002159745,0.004534081,0.009607652
Food_5,0.002684178,0.009135856,0.005894254,0.005112203,0.008938373,0.005127436,0.007517509,0.004591228,0.0091364,0.007210225,0.007296598,0.003949484,0.007811008,0.006724549,0.003160182,0.002444849,0.008167523,0.009632499,0.005123249,0.006318857,0.008719504,0.005115011,0.00956687,0.00618176,0.008386904,0.009179593,0.008339714,0.00243473,0.006660086,0.004585908,0.001564417,0.00481629,0.003328157,0.008641345,0.001299742,0.009630844,0.00419832,0.004210362,0.001146957,0.002667091,0.004611336,0.009363623,0.001896534,0.009507714,0.008825397,0.005087462,0.003940308,0.003094697,0.006530182,0.001297671,0.001140455,0.004859162,0.001612667,0.003267469,0.002990448,0.003278721,0.002179497,0.001108326,0.002039359,0.006566322
Food_6,0.009768306,0.009913105,0.004681487,0.00246659,0.006748856,0.005412748,0.009904688,0.001587738,0.00804911,0.003595586,0.003172768,0.006962541,0.003214569,0.006992732,0.005655777,0.004816801,0.00599219,0.003583464,0.007359172,0.004733712,0.00424491,0.008457912,0.009324702,0.001414066,0.003093643,0.004136674,0.008334698,0.009869423,0.009720745,0.009144535,0.003669006,0.009928101,0.00324478,0.001953155,0.009558573,0.003100782,0.007207914,0.001525207,0.007576382,0.008935482,0.003451932,0.004411512,0.004368666,0.007739094,0.003140265,0.002546678,0.005043625,0.003740216,0.008552702,0.003139676,0.005521505,0.009483252,0.006705979,0.008805605,0.009461887,0.007756884,0.007296176,0.00971169,0.009949607,0.005066395
Food_7,0.001637828,0.003635146,0.002371192,0.004757377,0.002181604,0.00643706,0.004445273,0.009058473,0.009710152,0.005921964,0.003473412,0.006330074,0.00907085,0.0046606,0.005968704,0.003444875,0.005098997,0.004615422,0.003235721,0.005552797,0.003793427,0.004357314,0.005724734,0.007755355,0.004001567,0.009317429,0.008760867,0.001438213,0.003282783,0.00501522,0.001941651,0.004136284,0.007660878,0.00712463,0.00660146,0.007394756,0.002844313,0.004075283,0.007086182,0.008913113,0.005893102,0.003544297,0.001272117,0.007393031,0.001070957,0.004354112,0.005774835,0.009299003,0.001805451,0.004653481,0.001218819,0.004083499,0.00660008,0.003511612,0.00288775,0.002041329,0.006194262,0.00725743,0.007047614,0.009539749
Food_8,0.001024329,0.00682477,0.00640353,0.006298656,0.009664933,0.001151845,0.007268342,0.008323108,0.005588265,0.004005684,0.008117561,0.001875186,0.004978321,0.005679571,0.007245608,0.001817972,0.003049836,0.004692714,0.006609652,0.008982647,0.006569436,0.002201153,0.009825221,0.008846072,0.005524487,0.009301132,0.005872427,0.009309755,0.008469076,0.009714578,0.009278045,0.001324304,0.002572948,0.004502212,0.009569284,0.00370026,0.002444209,0.008976742,0.00501755,0.00917088,0.002442074,0.006950058,0.004962374,0.001688381,0.007268168,0.003226589,0.00135654,0.001539499,0.001549707,0.009169597,0.007658955,0.009082561,0.007053241,0.005760459,0.003740017,0.00998166,0.004259702,0.005235841,0.004404207,0.009815742
Food_9,0.002571925,0.003951892,0.007123138,0.001568869,0.006465244,0.005298819,0.003556,0.00314572,0.005630615,0.004311348,0.005108679,0.004037296,0.009734443,0.002200955,0.001871236,0.004090526,0.006319242,0.006932588,0.004575311,0.009993502,0.004167037,0.00749266,0.006738244,0.008317485,0.009786031,0.009008143,0.007881058,0.007284236,0.004019484,0.00232917,0.001563724,0.003177115,0.004890533,0.005697966,0.007957752,0.009628668,0.002055884,0.001963037,0.006307253,0.007708583,0.008633353,0.009422489,0.009850836,0.004598215,0.004423017,0.002330278,0.00716441,0.006910858,0.008758563,0.001875322,0.005479992,0.006229737,0.003174013,0.002521229,0.008736228,0.001526814,0.005235588,0.002042506,0.005113529,0.009819661
Food_10,0.004813357,0.008714124,0.00205584,0.003441269,0.004634135,0.004598309,0.007042451,0.004102463,0.007423902,0.006752682,0.00459245,0.004885841,0.006530749,0.00163038,0.008401661,0.00688079,0.007537082,0.005832307,0.001994294,0.004645321,0.004648362,0.003889387,0.001269553,0.007635288,0.00198806,0.006456773,0.007328957,0.006713077,0.00963228,0.001929683,0.008804504,0.001262712,0.005814252,0.004638193,0.005717655,0.004285899,0.002715102,0.001172106,0.005663348,0.008584992,0.004358944,0.003005774,0.001724788,0.001767798,0.002992568,0.001900127,0.003385357,0.001595345,0.001590444,0.008706486,0.002459082,0.006037142,0.0079611,0.005107686,0.00238032,0.002796365,0.004896858,0.005754107,0.004144963,0.008033316
Food_11,0.007759195,0.009344906,0.001260573,0.009061222,0.004533119,0.008905352,0.007217063,0.009886139,0.007833542,0.004280902,0.005509569,0.004387502,0.004284207,0.00334814,0.005463733,0.00713566,0.003496062,0.005719418,0.002056423,0.002438608,0.001421257,0.009736583,0.001034743,0.00260722,0.006515801,0.001732326,0.008937069,0.007476581,0.00969751,0.00556872,0.003703633,0.005945505,0.009377368,0.005686853,0.003404863,0.008896589,0.004347269,0.00101245,0.003229165,0.003864102,0.008728997,0.005126529,0.005001286,0.00402492,0.008926103,0.009505241,0.009927013,0.004390671,0.009695327,0.008126916,0.007081202,0.003204005,0.002948115,0.00249443,0.009304809,0.00364669,0.005077848,0.005445621,0.008003544,0.008598115
Food_12,0.002251654,0.004842139,0.008585694,0.0083623,0.001921724,0.00240745,0.003737788,0.001678232,0.004821967,0.001968559,0.006113958,0.003219012,0.006367898,0.002057731,0.009782955,0.009393051,0.004526172,0.003179607,0.003253584,0.005350542,0.001359935,0.006757346,0.004674726,0.004396659,0.008284285,0.007381319,0.009589004,0.004167426,0.009077885,0.007929705,0.004216822,0.006594989,0.00359713,0.008869599,0.002011846,0.002911909,0.0026473,0.004627234,0.007707097,0.005742167,0.005389087,0.001004914,0.004828616,0.001571984,0.002874279,0.009391545,0.002938584,0.008725039,0.00822604,0.002432316,0.006451408,0.002040957,0.007550993,0.00673716,0.008307447,0.005314461,0.009233768,0.001444141,0.003635997,0.007435473
Food_13,0.004762983,0.002556562,0.001964897,0.008356052,0.005258287,0.008940553,0.007599602,0.004687536,0.004361599,0.005640745,0.00900154,0.007635507,0.001046377,0.007247421,0.009275567,0.007394102,0.002593052,0.005351663,0.002262844,0.004230958,0.009434053,0.009309748,0.003545532,0.004056679,0.006401916,0.009668776,0.002330212,0.00331225,0.008862011,0.00542703,0.00909065,0.002669661,0.005794017,0.003936427,0.003848883,0.005021893,0.004897697,0.004216122,0.009234737,0.007585698,0.007547923,0.003609221,0.006199385,0.008012615,0.008160313,0.004100774,0.007937855,0.007623045,0.002273558,0.008793509,0.004971893,0.005377694,0.005035323,0.006110614,0.006590523,0.005483616,0.008801097,0.006649613,0.004612852,0.004750226
Food_14,0.008297548,0.004133727,0.002903093,0.001534449,0.008884242,0.009266918,0.002081082,0.004010264,0.002578349,0.002043086,0.009098801,0.001511895,0.009824371,0.001868058,0.008771236,0.006098555,0.004311257,0.004081081,0.007816277,0.00383116,0.00691587,0.005655935,0.005364691,0.00911046,0.005991806,0.008441754,0.007530162,0.001347015,0.00795799,0.002951832,0.009128347,0.001386318,0.003997648,0.001897597,0.005280302,0.008380202,0.003683686,0.002358414,0.003972403,0.008324921,0.002263456,0.003046262,0.001619668,0.00735139,0.004557099,0.00379756,0.007467638,0.004023798,0.007549941,0.008336795,0.002958966,0.009764368,0.002461222,0.003617568,0.002618158,0.004109551,0.005320548,0.005699583,0.008682454,0.009005031
Food_15,0.002980935,0.006606046,0.002003465,0.005130729,0.003901002,0.003848507,0.005343258,0.007568449,0.001622644,0.00891256,0.007613324,0.002588495,0.009452448,0.00555681,0.009998277,0.002775335,0.005814174,0.003612232,0.003737562,0.006319588,0.009295472,0.008247375,0.007515473,0.006032564,0.009300687,0.005431253,0.00886449,0.008505835,0.002924518,0.007941029,0.00110954,0.003905466,0.003066107,0.005561767,0.007631678,0.001879087,0.0056343,0.009445708,0.003057819,0.00709427,0.006335922,0.001090573,0.005282436,0.007378934,0.001395779,0.008915693,0.005680733,0.001275949,0.003019723,0.009583081,0.006240878,0.001967253,0.003587901,0.005110333,0.001188551,0.00470454,0.005405128,0.003193101,0.006297751,0.007779161
Food_16,0.003122508,0.006584499,0.0067566,0.009536863,0.008004486,0.008635107,0.005413779,0.002668137,0.009962338,0.002164202,0.005243116,0.001612838,0.009494658,0.009684324,0.007474502,0.004149936,0.003289442,0.00338773,0.002145646,0.005732281,0.002276355,0.003850576,0.006640358,0.007547892,0.001218454,0.004871044,0.006869121,0.008679214,0.005277923,0.009722853,0.003390693,0.001121578,0.005353776,0.003305024,0.008413459,0.003094954,0.003795663,0.008121047,0.007436289,0.006022461,0.007344533,0.004767732,0.00104779,0.001102196,0.005600996,0.001749619,0.001459679,0.00968965,0.008731024,0.002368245,0.001005978,0.00947501,0.003504928,0.002673078,0.007223573,0.001980134,0.003381846,0.009775852,0.006755165,0.0056861
Food_17,0.004581268,0.007970509,0.002268617,0.00970604,0.008750107,0.006558913,0.001386156,0.007307701,0.009219559,0.005721194,0.004188023,0.002082496,0.00779411,0.008965197,0.001902266,0.007830861,0.001153544,0.009703494,0.006535522,0.005971952,0.003663549,0.009363625,0.003393151,0.00845332,0.009865978,0.00805057,0.005670909,0.001594668,0.005251724,0.004944304,0.002825164,0.004812289,0.004219821,0.002473158,0.004972367,0.0033652,0.005698562,0.001316441,0.009156083,0.008347279,0.005973232,0.008666277,0.009661556,0.001994701,0.006677486,0.009981946,0.009891003,0.006429907,0.002152188,0.006248735,0.001018582,0.002790202,0.009605108,0.003973965,0.006745511,0.003527735,0.009530397,0.007557029,0.00396686,0.008125853
Food_18,0.00197349,0.00453087,0.002990963,0.007153538,0.001922017,0.004573232,0.003489848,0.005557086,0.004149079,0.007357695,0.001221193,0.006705882,0.003075142,0.003418381,0.0082023,0.009600116,0.003848952,0.008441247,0.001935918,0.006705835,0.007759291,0.002403801,0.004834021,0.009034364,0.001932206,0.001162867,0.006315268,0.004919784,0.008188203,0.0093111,0.003692383,0.004495637,0.005376449,0.006293363,0.009854684,0.007275972,0.004505937,0.003373909,0.009501631,0.002219936,0.007482393,0.009328555,0.00698199,0.00480749,0.002790918,0.004307278,0.007361846,0.006845808,0.009351785,0.008801748,0.008345357,0.009203058,0.003487034,0.004325712,0.004419045,0.006044055,0.007013964,0.00358045,0.001175162,0.004593001
Food_19,0.003776752,0.009479662,0.008994385,0.008742796,0.006876998,0.004098602,0.005939643,0.008337025,0.001887493,0.008209674,0.001370618,0.008347789,0.008268074,0.001459066,0.006644446,0.005522078,0.002528376,0.00233541,0.007959332,0.006109235,0.009846992,0.00984023,0.009934003,0.00206754,0.009444305,0.003201126,0.00512391,0.007816659,0.002832588,0.006096804,0.002672351,0.001942625,0.002049028,0.004218751,0.001041894,0.004823685,0.006977774,0.004615194,0.001772151,0.0015642,0.003503049,0.002523814,0.009685855,0.002361072,0.008249162,0.006274971,0.006123582,0.005608726,0.009745868,0.004274603,0.008091242,0.005997647,0.004560703,0.009599193,0.006384844,0.002070252,0.004757853,0.008034236,0.007243723,0.009247063
Food_20,0.003334396,0.007823743,0.005138877,0.006162488,0.00959542,0.009813577,0.008754319,0.004231874,0.008989308,0.006747483,0.004869971,0.001321684,0.007931153,0.00551895,0.008075696,0.007732205,0.008142106,0.00370586,0.008207187,0.005939617,0.005259936,0.007076133,0.001192228,0.001920851,0.003629596,0.009846911,0.002257712,0.003975367,0.001459478,0.00398142,0.003882937,0.009521265,0.008606387,0.004444878,0.001222922,0.00847928,0.006944826,0.00237128,0.009964641,0.001902101,0.008804031,0.003648395,0.004918181,0.008159109,0.007097575,0.009440779,0.006590263,0.001880291,0.008959243,0.0079224,0.007406834,0.001483602,0.004566005,0.002506922,0.008397135,0.007304758,0.008947698,0.009699176,0.007972729,0.009948098
Food_21,0.006532929,0.001334166,0.001128264,0.004078935,0.008411245,0.008795212,0.009647313,0.001586093,0.00140114,0.009219552,0.00374542,0.006021887,0.009842004,0.004604037,0.006992843,0.004607916,0.007913752,0.005749433,0.003137708,0.003441755,0.003322533,0.005790883,0.007328701,0.009543519,0.007246786,0.008030736,0.002520335,0.004366564,0.004724022,0.007177422,0.003663028,0.003729627,0.004203002,0.008292719,0.006198311,0.001677496,0.001704215,0.004341582,0.007899319,0.007198151,0.007371841,0.007904891,0.003584374,0.005934307,0.005890174,0.007656693,0.009611835,0.00350191,0.008139535,0.006939735,0.006222141,0.007973918,0.009496292,0.001330223,0.002326601,0.007806585,0.001754122,0.005645113,0.002978747,0.003468661
Food_22,0.007316564,0.001271735,0.008859875,0.005000311,0.00552154,0.005860432,0.006809899,0.004103709,0.001909967,0.00386541,0.002513279,0.006005199,0.003862258,0.009622605,0.009691609,0.006581133,0.006557475,0.009868407,0.008985548,0.00788563,0.003822316,0.004289851,0.002811401,0.005384333,0.009913317,0.009209359,0.002065145,0.001226713,0.009087739,0.005834531,0.002801709,0.007062879,0.006798009,0.00209877,0.003336402,0.001540702,0.002888744,0.002190751,0.002739127,0.007169204,0.001445498,0.001916692,0.002207563,0.00384887,0.003688753,0.003295574,0.00775483,0.009982205,0.005805801,0.009497824,0.004569491,0.001960142,0.004678964,0.00366515,0.005440663,0.006913393,0.005149452,0.009416445,0.008962883,0.007317798
Food_23,0.005407164,0.002185186,0.004573123,0.007339614,0.00356397,0.001935893,0.009171086,0.007381457,0.006537488,0.00813249,0.008520814,0.005351131,0.008930694,0.009247771,0.00344396,0.006467908,0.005739256,0.005841512,0.009438968,0.003746698,0.009850906,0.009119181,0.005128506,0.008357079,0.007921423,0.007101055,0.003878505,0.002768059,0.007043749,0.00858676,0.001146275,0.00678523,0.004985857,0.00908279,0.003893256,0.005267663,0.005632904,0.002263956,0.007416031,0.008474287,0.001521183,0.003622499,0.001342402,0.009608897,0.007004519,0.009677804,0.005783449,0.008218617,0.004369726,0.004184371,0.00440441,0.006920759,0.004235078,0.009103307,0.009849474,0.001273839,0.00274261,0.00201025,0.001381276,0.003049669
Food_24,0.00502114,0.008532913,0.002996416,0.005445507,0.009366569,0.007004932,0.008182711,0.005958946,0.009824198,0.006297959,0.001409596,0.002781845,0.004642963,0.006411495,0.007947378,0.004717775,0.007390525,0.008108826,0.003855342,0.009813432,0.006846908,0.008928983,0.006003439,0.007674428,0.007934897,0.009174235,0.002353148,0.006024551,0.004855407,0.009308431,0.001945852,0.009843165,0.008879062,0.001664437,0.005418697,0.007458036,0.007643364,0.009158447,0.008198789,0.003798373,0.005485913,0.007316072,0.002245932,0.002745917,0.005329382,0.003684212,0.008763033,0.006276496,0.004137987,0.008639497,0.008243906,0.009985194,0.008625769,0.004730109,0.00214749,0.008565768,0.001537821,0.004152441,0.009277642,0.009646898
Food_25,0.006765081,0.007197835,0.00138209,0.005630323,0.005921814,0.004060907,0.001617372,0.003060168,0.004221855,0.004916278,0.006318341,0.007501524,0.003858687,0.003960584,0.001177225,0.001367874,0.003320395,0.007662205,0.006654824,0.007928101,0.007920275,0.008709107,0.007482873,0.009811098,0.009089427,0.006280454,0.006293419,0.001308403,0.009986739,0.002184184,0.007663125,0.008389137,0.004357491,0.002771668,0.001888839,0.007737454,0.005073882,0.00742346,0.009238669,0.002319254,0.009272539,0.004704638,0.003747403,0.00948756,0.009915865,0.00279003,0.006911545,0.001958458,0.006858226,0.008445819,0.007160487,0.004755998,0.004447597,0.004538102,0.006307406,0.008934105,0.009361595,0.001481767,0.002634602,0.002010019
Food_26,0.002740012,0.00411947,0.005558785,0.006665151,0.00758928,0.009011004,0.009901796,0.006965708,0.008608281,0.00800235,0.003767788,0.00888123,0.001384868,0.001003306,0.003463594,0.005158878,0.006745266,0.001915932,0.007057091,0.008216343,0.002667816,0.004736127,0.005679865,0.005066263,0.008198469,0.009644702,0.008190578,0.001701935,0.00824442,0.001599367,0.003123733,0.002377872,0.002777672,0.005754836,0.007045209,0.005232892,0.009637261,0.003162631,0.007868262,0.00883164,0.006058595,0.005106003,0.00636566,0.004859288,0.005996745,0.004752406,0.004604227,0.007258118,0.001835661,0.002498879,0.008660786,0.007939696,0.003533084,0.00439542,0.009334239,0.008362695,0.006529117,0.002993412,0.001398268,0.004881321
Food_27,0.007053644,0.008456324,0.008674201,0.001294983,0.003197413,0.004051851,0.00269859,0.008226778,0.007907192,0.005651497,0.009846338,0.002296527,0.009096865,0.002048169,0.002468635,0.007265973,0.001986127,0.006092606,0.004782102,0.007556266,0.009106077,0.007928844,0.008647209,0.001296509,0.003791759,0.005638898,0.00474358,0.003081295,0.003770867,0.009508879,0.003647628,0.004185137,0.001033388,0.008605699,0.002393566,0.002837298,0.003297381,0.008961599,0.002858063,0.008177737,0.008272444,0.009343185,0.002040052,0.002955511,0.007686085,0.002764007,0.003576966,0.002500674,0.00255427,0.00533398,0.001987148,0.003895279,0.004839345,0.001220933,0.004494998,0.001847102,0.005442207,0.008431644,0.008365799,0.001724037
Food_28,0.00641105,0.008511277,0.003141753,0.007857339,0.009016879,0.008255117,0.001965709,0.00108154,0.002725517,0.003434296,0.006545647,0.004458459,0.007330663,0.004177675,0.002389829,0.003814209,0.008958918,0.009626791,0.002867615,0.008096215,0.003460139,0.008984184,0.002489911,0.006993639,0.001757901,0.00976504,0.0073057,0.008576342,0.006100024,0.005291212,0.006596942,0.005758674,0.005224459,0.007835052,0.002603809,0.002540548,0.004886584,0.003886731,0.001667121,0.008600234,0.007944425,0.005895293,0.009813921,0.001653401,0.007900024,0.003397334,0.00431739,0.002973514,0.008101341,0.002298161,0.00856015,0.006954199,0.001531209,0.008298836,0.006649801,0.009144841,0.007738501,0.006050088,0.008528925,0.003502452
Food_29,0.005922551,0.003642551,0.00971384,0.003035767,0.001141644,0.003932694,0.005522585,0.001255266,0.006033235,0.008868545,0.00734259,0.006606715,0.009603656,0.009624514,0.008418398,0.006469677,0.005389881,0.001119845,0.006456357,0.009901793,0.008362909,0.004065442,0.002368423,0.008056528,0.00769544,0.009703421,0.008873581,0.006000964,0.001911558,0.005351506,0.003823255,0.005611676,0.003715314,0.008756407,0.008598943,0.003839186,0.006396232,0.004871628,0.009181835,0.002686248,0.007279556,0.009733378,0.00257748,0.002817698,0.00724351,0.008012385,0.005414941,0.006487178,0.002914142,0.005289528,0.002008647,0.003892797,0.003563017,0.005001628,0.009371137,0.002631409,0.004612494,0.006540375,0.009519014,0.002198334
Food_30,0.00926089,0.001729484,0.005326673,0.005091309,0.002886425,0.004127137,0.005087487,0.008786903,0.009595577,0.005670331,0.008830898,0.006473544,0.004141786,0.002747748,0.004718213,0.005705419,0.00139999,0.00231257,0.00640166,0.003025014,0.008535937,0.00394248,0.001943508,0.001751775,0.009434107,0.002062183,0.002268188,0.008763995,0.003288593,0.006993563,0.008350531,0.006464626,0.009617397,0.007379946,0.002014764,0.00602569,0.007463679,0.008217615,0.001236892,0.00746991,0.008431127,0.007721504,0.005611142,0.005122189,0.005944767,0.007341793,0.009306229,0.006553317,0.008990509,0.007311312,0.001615027,0.005507454,0.003578377,0.003566574,0.004203348,0.003832595,0.00620749,0.007152414,0.003418744,0.002167864
Food_31,0.001529278,0.006181776,0.002675171,0.001083232,0.009349778,0.005834264,0.001832034,0.00858629,0.009848825,0.005037406,0.001382406,0.002057913,0.004434884,0.008969704,0.002332348,0.008415911,0.001134786,0.005116498,0.006799574,0.001543415,0.006532865,0.009499637,0.002442339,0.007566502,0.006481845,0.002666047,0.001055831,0.00108356,0.005788832,0.009485015,0.006798688,0.007428699,0.005444789,0.006237,0.002137308,0.008891386,0.007847134,0.009983791,0.003679507,0.00304316,0.002126455,0.009677888,0.008027967,0.002496922,0.005974178,0.004723914,0.002363374,0.002458657,0.00967123,0.003744678,0.009472954,0.001680496,0.005147227,0.002166571,0.001043086,0.005983895,0.002025047,0.007498221,0.007283047,0.002586996
Food_32,0.009475679,0.007489391,0.003681732,0.007383104,0.007587372,0.004080037,0.004380297,0.004231959,0.006549566,0.009103691,0.002558739,0.008876796,0.001248878,0.006943047,0.00472995,0.008121534,0.007490783,0.00532097,0.006794776,0.005515958,0.008303666,0.005284756,0.005708404,0.003254685,0.006445387,0.003726143,0.006195556,0.002527103,0.002435222,0.004753268,0.004841376,0.003412983,0.002184372,0.001352895,0.001227086,0.003443953,0.005156681,0.00753619,0.005273845,0.009136457,0.001316978,0.002625946,0.00404663,0.006197466,0.008674625,0.004151818,0.003411898,0.001557003,0.008391731,0.004416998,0.006143952,0.009851999,0.001014351,0.002309051,0.008011999,0.008246147,0.007923224,0.00583299,0.009809713,0.004565661
Food_33,0.006417493,0.001570321,0.004688717,0.007502501,0.00314865,0.009494448,0.00718105,0.003588178,0.00792099,0.001748483,0.00977297,0.001443567,0.009401103,0.003275685,0.007820417,0.001000663,0.003288161,0.007741905,0.005791025,0.002034569,0.004542668,0.004379944,0.00611346,0.007011794,0.008567472,0.005475083,0.004528195,0.002295789,0.008243407,0.007420334,0.004678097,0.005665891,0.006986646,0.00248325,0.00124478,0.003857533,0.006360265,0.005379455,0.007232992,0.008377208,0.005395982,0.002208403,0.008655652,0.006174913,0.007659437,0.007341982,0.009713906,0.003657766,0.007347761,0.004291087,0.004558696,0.003075352,0.004096092,0.009534671,0.003633138,0.003213915,0.006248242,0.003322324,0.005260472,0.008507586
Food_34,0.003073603,0.004840223,0.006494408,0.00591066,0.009772509,0.007123332,0.007659516,0.009702604,0.004729942,0.004198418,0.001394762,0.002657839,0.003134707,0.00265154,0.007793055,0.005822947,0.007008704,0.008384159,0.003076965,0.003933315,0.007375242,0.004534831,0.001263438,0.004914597,0.009174458,0.004681194,0.00399024,0.009905726,0.00679974,0.004293982,0.001918176,0.008090645,0.007372674,0.009297242,0.002955481,0.002034319,0.007516653,0.002830563,0.002584935,0.003878266,0.008351426,0.005855829,0.001412653,0.005175052,0.007155817,0.005845316,0.006152052,0.003022996,0.008629654,0.006052588,0.007419214,0.009836778,0.004853788,0.0089296,0.001065529,0.001300666,0.006312519,0.003803045,0.003234489,0.003501418
Food_35,0.003865626,0.007560529,0.006122764,0.008101324,0.008471769,0.008586414,0.004731797,0.004791461,0.009336393,0.006955872,0.001724205,0.005879683,0.004204065,0.009886915,0.001122899,0.006509628,0.007512608,0.003600161,0.009762774,0.00873583,0.009240876,0.001173089,0.006128849,0.003651852,0.008641258,0.006695647,0.005849893,0.002031294,0.005862005,0.006687137,0.009603211,0.006265459,0.009706605,0.009654455,0.006851803,0.005553172,0.005194196,0.009013407,0.00125431,0.002024274,0.001918646,0.007812418,0.004056859,0.006741717,0.006434046,0.004472452,0.00578411,0.006806247,0.009468553,0.006180707,0.006529308,0.001610702,0.009569942,0.005752737,0.008211461,0.00145262,0.004788191,0.003312779,0.003402783,0.008123084
Food_36,0.006614801,0.004957708,0.001095272,0.009684351,0.009658209,0.00295797,0.001372117,0.005771794,0.009562697,0.009193563,0.006261966,0.00373194,0.003969648,0.009081222,0.005426056,0.002180046,0.003235829,0.003491154,0.00211192,0.005167399,0.009244458,0.007019043,0.001652265,0.001049453,0.003486229,0.004264236,0.007990747,0.00970305,0.004488105,0.00718021,0.009954117,0.007710999,0.006725706,0.001702674,0.003908937,0.009220529,0.002809049,0.008592313,0.007266913,0.004296919,0.005762568,0.005885258,0.007426484,0.005649003,0.002197684,0.007961092,0.004656452,0.009667845,0.003551624,0.003367709,0.004001567,0.006150853,0.009053828,0.002586535,0.003517109,0.006235119,0.005089008,0.005025906,0.008386608,0.009314905
Food_37,0.005331763,0.007186166,0.008209528,0.005665298,0.003648848,0.006742761,0.006265982,0.009114065,0.001471663,0.009191182,0.005809888,0.001141085,0.00410232,0.007519002,0.005395898,0.009821431,0.004803491,0.003939717,0.008395047,0.00593116,0.007140939,0.008251321,0.007042848,0.004801667,0.002123168,0.006222233,0.0090769,0.004770032,0.009196527,0.00553175,0.006587574,0.008496896,0.006081374,0.001818724,0.009828815,0.003212644,0.007394548,0.005546021,0.005308954,0.003195467,0.007499357,0.002015094,0.00991408,0.008608362,0.00581058,0.004820977,0.003578182,0.005514323,0.008914757,0.003475058,0.005504837,0.003110949,0.004034342,0.002712345,0.009914853,0.006143477,0.007595336,0.001884249,0.004295058,0.009033758
Food_38,0.001759945,0.002489349,0.006628758,0.006605101,0.008544043,0.009419435,0.002277878,0.003334364,0.004847153,0.00100813,0.001628329,0.003038422,0.005329918,0.003263705,0.008890137,0.003918456,0.009321605,0.009773085,0.005048754,0.003044159,0.003624995,0.007987003,0.003460147,0.004425246,0.005307183,0.006176,0.009964904,0.003089888,0.004180813,0.003366021,0.004250021,0.001907241,0.004238288,0.008990785,0.003687309,0.004347413,0.009500267,0.007555411,0.005650648,0.007994735,0.002108617,0.005180413,0.002064125,0.003102563,0.002276805,0.004256211,0.004434754,0.009525777,0.003377132,0.00525186,0.008302415,0.008340558,0.007753089,0.003590504,0.005454745,0.002675904,0.002695596,0.004922571,0.00764733,0.005739258
Food_39,0.008980149,0.008478179,0.001284449,0.006115771,0.006482451,0.009654176,0.00120913,0.005779934,0.002843032,0.001482966,0.006287397,0.007953437,0.007973789,0.001272596,0.004662518,0.001400587,0.003230548,0.002735926,0.002936643,0.004052066,0.003496762,0.009660519,0.004171664,0.009047553,0.002629375,0.007873722,0.00155211,0.005164851,0.001049594,0.008292617,0.009554374,0.001315966,0.009404617,0.007964685,0.004229754,0.009179889,0.003666315,0.004683658,0.001870401,0.006912451,0.001266407,0.005364147,0.007148727,0.008391138,0.002349473,0.007786813,0.007471693,0.006036135,0.006261801,0.001821436,0.006404239,0.0044337,0.008808228,0.00381789,0.006189356,0.004839143,0.008886357,0.00328525,0.001709221,0.007737901
Food_40,0.00471607,0.006301885,0.001237504,0.009568988,0.008898565,0.006614811,0.001153269,0.004401788,0.009809169,0.007131973,0.002448891,0.005145371,0.00970064,0.005812374,0.001221531,0.006577949,0.003440949,0.001889614,0.004626176,0.006026708,0.001153366,0.006031421,0.005600828,0.008145175,0.004811948,0.005981054,0.007678084,0.009074313,0.004420311,0.006414701,0.007251498,0.001389436,0.008206845,0.004396872,0.00703215,0.005244977,0.007321052,0.007518979,0.002724139,0.006959568,0.008661911,0.003120105,0.007823651,0.006704426,0.009596134,0.003342219,0.0023885,0.003809089,0.003321629,0.007811495,0.007597984,0.007027164,0.002947412,0.008756261,0.009609144,0.005784452,0.006844355,0.005506229,0.003552019,0.003575328
Food_41,0.003820785,0.00271765,0.009117313,0.008725583,0.005154754,0.004305263,0.009451705,0.003001361,0.005981878,0.001490483,0.00272082,0.006436242,0.006959653,0.006228962,0.008826413,0.009940647,0.007874757,0.005185826,0.008505412,0.002083487,0.007149436,0.00566504,0.002602593,0.009756403,0.004045937,0.006538811,0.008907348,0.0055602,0.002036241,0.008368652,0.004178924,0.009847602,0.008954429,0.008681044,0.004206279,0.007814168,0.009876962,0.005736895,0.005236589,0.001131992,0.007301834,0.008726298,0.003227115,0.003835221,0.005506093,0.001648721,0.001806782,0.004789997,0.003350971,0.004654336,0.005089477,0.009786461,0.009498338,0.002257571,0.008943274,0.00172186,0.005568719,0.002475189,0.004293029,0.007690062
Food_42,0.004820549,0.008262562,0.007469341,0.009485555,0.005807404,0.008219332,0.003906164,0.004111713,0.004604594,0.004698242,0.001929279,0.00567189,0.001871229,0.009007859,0.001556603,0.00504725,0.003562247,0.002393825,0.00805453,0.007434392,0.002313531,0.006694891,0.008132997,0.00795999,0.001830516,0.007169614,0.007444215,0.008759496,0.005572399,0.005149846,0.009686047,0.00816861,0.006028579,0.003975554,0.008607142,0.005098928,0.001834167,0.005094138,0.008847716,0.005034539,0.001129142,0.006503368,0.00996247,0.008355237,0.006555142,0.00922959,0.008322235,0.005487754,0.006320983,0.007581635,0.008617835,0.001523588,0.007973235,0.005027531,0.006947187,0.007881697,0.005855517,0.002426634,0.004685741,0.001691857
Food_43,0.007203706,0.009583356,0.008157275,0.004508078,0.006258623,0.003737806,0.00586941,0.003706542,0.007644923,0.003334074,0.009676184,0.006957539,0.001619001,0.001097,0.009973417,0.00298455,0.003813065,0.002875726,0.009352916,0.006868116,0.005539477,0.006018857,0.003860856,0.006527575,0.004776403,0.002793053,0.006909446,0.004364565,0.008065597,0.004738555,0.005574442,0.008087198,0.005030903,0.00969599,0.008137258,0.008437874,0.009585284,0.004499656,0.006220722,0.007242326,0.007061126,0.009576431,0.003595138,0.003622254,0.00926204,0.008193751,0.00283021,0.006130422,0.007711874,0.004177328,0.00490944,0.00617857,0.005203977,0.007777382,0.001053449,0.004911693,0.004038232,0.006482476,0.007983626,0.001685306
Food_44,0.002422538,0.006985735,0.007645622,0.006293816,0.00984523,0.005495153,0.002226631,0.00717662,0.00641868,0.006313793,0.005912683,0.009451861,0.002162408,0.001658776,0.002387055,0.003204912,0.006336517,0.006511827,0.003093417,0.005403029,0.005338557,0.005077997,0.008231908,0.005245238,0.007825289,0.00249833,0.005787706,0.008416943,0.002599449,0.0051843,0.006481714,0.002662971,0.00781089,0.001710966,0.00951774,0.005213993,0.004025108,0.002051263,0.00489337,0.006938236,0.001850386,0.003756422,0.008524158,0.006815629,0.002857357,0.002448188,0.009140365,0.003583182,0.002615502,0.009999676,0.003782726,0.002122662,0.005155819,0.004909106,0.009341222,0.002207845,0.001820228,0.001836808,0.009138587,0.005044323
Food_45,0.002355459,0.006344471,0.00583861,0.002785661,0.006427343,0.004062081,0.003145337,0.005593605,0.003624843,0.002999259,0.008917502,0.002401863,0.00352531,0.004475245,0.003462745,0.002896396,0.007940315,0.003961145,0.002012617,0.005868056,0.002129396,0.004217676,0.008936441,0.004322451,0.006692581,0.00563163,0.002239524,0.006841626,0.008704315,0.001838912,0.007783121,0.007211902,0.008799945,0.001936827,0.003751258,0.007248623,0.001198162,0.007606681,0.008721807,0.005079736,0.004908969,0.003506221,0.001045467,0.002676732,0.009818777,0.008805575,0.003398542,0.00967374,0.004309414,0.003678268,0.002375269,0.0091145,0.009882932,0.003946703,0.007330874,0.004017731,0.001944917,0.004534231,0.00596413,0.002107151
Food_46,0.008364455,0.005476268,0.003109447,0.006334836,0.008139334,0.003948619,0.007313287,0.004850733,0.009676461,0.007938461,0.004207158,0.001159732,0.006917679,0.002780849,0.002096913,0.009385988,0.009999541,0.003428999,0.003715917,0.0024849,0.005119163,0.008792594,0.007313554,0.008616984,0.003056335,0.007574105,0.00926674,0.003532745,0.007215882,0.004605917,0.00361204,0.009726611,0.004137699,0.001970647,0.004497303,0.005029105,0.007769897,0.009549228,0.008353513,0.009378472,0.005275541,0.007473849,0.003781446,0.001626284,0.004289262,0.007281237,0.003471599,0.008752653,0.008116956,0.002746383,0.003977531,0.008427724,0.00319544,0.003984419,0.004087602,0.008209378,0.001333272,0.001664083,0.006206064,0.004574008
Food_47,0.006695968,0.003398151,0.009186244,0.007848477,0.001609716,0.008055149,0.009726241,0.009481921,0.007619354,0.002112344,0.006184691,0.003558095,0.009731916,0.007457372,0.00649689,0.007255792,0.004941812,0.004354631,0.009422196,0.003987344,0.001372925,0.004607561,0.008113063,0.006836215,0.009659537,0.001955817,0.009203917,0.004319643,0.005266023,0.004856339,0.002048071,0.003230168,0.007680444,0.001207068,0.00220499,0.001226892,0.008716493,0.006555923,0.002529358,0.00791895,0.009701205,0.009411043,0.009293928,0.001070292,0.006301121,0.003309694,0.006081825,0.003862273,0.002382999,0.005000444,0.005455867,0.00990789,0.001381491,0.003710397,0.008667045,0.006937259,0.008440147,0.006942618,0.007835827,0.005436296
Food_48,0.002843899,0.008290035,0.006110386,0.002255547,0.008244046,0.009627273,0.004115475,0.00364161,0.001735977,0.006980421,0.009630655,0.002223934,0.005366437,0.001884144,0.001306989,0.006980509,0.008809185,0.004038135,0.008881887,0.002053478,0.003141646,0.009114461,0.005576589,0.006473731,0.001342164,0.002155509,0.001502117,0.009145007,0.002213155,0.008647055,0.004159312,0.008205377,0.004285392,0.003409156,0.001842946,0.003526359,0.005243317,0.008357579,0.005072635,0.00974292,0.005874697,0.001224511,0.004738306,0.007200092,0.003108625,0.00728767,0.005533276,0.00123164,0.007969177,0.006043363,0.001742442,0.005276926,0.003585636,0.008917134,0.003564343,0.009475184,0.005915195,0.003912523,0.008321905,0.007276603
Food_49,0.004725662,0.006666565,0.008007258,0.00866402,0.008347714,0.002494694,0.008455506,0.001527662,0.002801536,0.00660634,0.002032233,0.006430128,0.003771691,0.004865199,0.003836364,0.001631562,0.005506829,0.009672395,0.00650605,0.003700287,0.009605349,0.004503135,0.00727766,0.006707015,0.009576198,0.009231424,0.002332037,0.001771173,0.008286781,0.009144489,0.005436762,0.007216851,0.001628095,0.00297824,0.002344386,0.006410445,0.002777859,0.001538617,0.003719866,0.007094912,0.006200774,0.003976525,0.00850131,0.003486422,0.003344929,0.006039527,0.005303941,0.005013754,0.002402071,0.005541816,0.00333117,0.004529619,0.007602134,0.009431765,0.007964767,0.004650705,0.006337298,0.00771848,0.004727989,0.004242233
Food_50,0.00221719,0.007626347,0.008546577,0.00384926,0.00805157,0.006491918,0.008056747,0.004702036,0.007728187,0.004676582,0.001798822,0.00595521,0.005088959,0.003275919,0.00902902,0.00444568,0.001352135,0.004439222,0.004820588,0.00875474,0.008192649,0.002799699,0.008551263,0.003231345,0.004077407,0.001691366,0.001498207,0.007127741,0.00931007,0.005437152,0.008596843,0.008143761,0.006982109,0.00980406,0.008219691,0.0034736,0.008101128,0.007233955,0.004595684,0.001691177,0.002929236,0.008175141,0.003236368,0.009980722,0.007245893,0.005295002,0.00613393,0.006497855,0.009720503,0.002455671,0.003451562,0.007386319,0.003158722,0.008841674,0.004118808,0.002627555,0.001428587,0.006360355,0.00842754,0.003464138
Food_51,0.009257855,0.007819608,0.001551706,0.006153697,0.006106968,0.002821351,0.004010899,0.00512451,0.0014327,0.002347988,0.00247604,0.004413122,0.007726217,0.008481733,0.002465641,0.007767154,0.00703639,0.009016187,0.009719121,0.002120145,0.001726065,0.008197571,0.002459538,0.002751171,0.008938323,0.009450684,0.003866241,0.008579513,0.008729712,0.006448514,0.006094796,0.006182546,0.003711603,0.006569803,0.003192222,0.002598691,0.004716554,0.007352024,0.006592849,0.009683939,0.006818103,0.002271826,0.002450964,0.001837604,0.002720564,0.006381558,0.008544578,0.009044809,0.004600395,0.006027247,0.008282796,0.003808635,0.006361021,0.002566743,0.005288863,0.00255765,0.005161838,0.004571377,0.004899383,0.00319341
Food_52,0.00222439,0.003480988,0.00315622,0.007608666,0.007452776,0.006260347,0.001822004,0.006096357,0.001713133,0.001163557,0.004173365,0.003164904,0.006351829,0.009357782,0.007478668,0.007906248,0.009558038,0.00670682,0.006199578,0.006416812,0.008792247,0.004492891,0.008158026,0.006870312,0.003741144,0.001123196,0.00288928,0.007299899,0.006217213,0.003471352,0.004908722,0.006950339,0.002143775,0.004890516,0.004749618,0.005883409,0.005697223,0.00430954,0.007864603,0.001605061,0.001319846,0.004782334,0.009070248,0.003498124,0.002550784,0.009353876,0.002514009,0.004373565,0.00756114,0.003348316,0.003068646,0.004579005,0.008086283,0.00919885,0.001281633,0.002485973,0.009627412,0.006335122,0.005962692,0.008321893
Food_53,0.00135805,0.001124526,0.009707446,0.008457136,0.007726436,0.002401307,0.005289435,0.009435642,0.009402396,0.001083224,0.007772423,0.00105614,0.009858716,0.004752705,0.009761669,0.004309721,0.003638686,0.003846628,0.007576112,0.002797056,0.008776519,0.006315154,0.009729199,0.009883764,0.002666638,0.009602038,0.001418846,0.001250774,0.009494781,0.009661571,0.002325229,0.004981742,0.005446833,0.008742531,0.006651255,0.007971098,0.005365872,0.006835723,0.007618684,0.007640932,0.00101564,0.001899173,0.004272944,0.001550777,0.004446907,0.004506102,0.009282102,0.006103647,0.007357162,0.008984788,0.004979164,0.001017659,0.003568024,0.008327428,0.009116571,0.004163586,0.003645921,0.009320547,0.004159664,0.006870207
Food_54,0.003522783,0.001881269,0.005511127,0.009309087,0.006567767,0.00287944,0.007141866,0.00791525,0.003886845,0.006032885,0.007137578,0.002443178,0.009676908,0.005061268,0.00981698,0.002706165,0.005353962,0.002492683,0.001091627,0.003140877,0.004628686,0.004880177,0.008978546,0.006721095,0.004909975,0.009891979,0.006528019,0.003903967,0.007221798,0.005461299,0.008930509,0.009068601,0.004306154,0.006061051,0.003391961,0.006639731,0.009931123,0.008493297,0.004297689,0.001858423,0.009700138,0.004506263,0.003640428,0.003847019,0.00540931,0.009610763,0.009879601,0.003665141,0.004163218,0.005606259,0.001073686,0.002573529,0.009424531,0.001264917,0.001908787,0.004785823,0.007583052,0.003419904,0.00375369,0.003749257
Food_55,0.008853417,0.003034878,0.006061616,0.00999938,0.007556189,0.004027156,0.007889131,0.009585241,0.00436184,0.007372101,0.001682238,0.009057672,0.001866311,0.004356326,0.005882553,0.003372199,0.006843424,0.005989859,0.007454667,0.004187254,0.005914125,0.008309669,0.008296267,0.00742816,0.005877423,0.00705935,0.001781923,0.005241855,0.008741292,0.006466283,0.009475148,0.003359607,0.001866716,0.006639521,0.001818333,0.008039218,0.003310682,0.005848767,0.008302393,0.008092318,0.005463775,0.009782618,0.005478698,0.003509123,0.003721881,0.007692785,0.004933963,0.004769096,0.001184379,0.003747503,0.008743448,0.00823154,0.007718598,0.001208155,0.001242913,0.003803185,0.005270079,0.009187671,0.004461668,0.003596725
Food_56,0.006140377,0.009232249,0.007647748,0.008709997,0.002639779,0.00213098,0.00589664,0.007276337,0.009594892,0.00434381,0.004119012,0.005642689,0.007164441,0.006094214,0.007507276,0.004422834,0.008759779,0.00264678,0.003843142,0.007963099,0.00402105,0.007013391,0.003590178,0.002683939,0.003706593,0.00898294,0.005147948,0.003028736,0.003892947,0.001024939,0.007802275,0.003031097,0.006381289,0.001225986,0.008510486,0.002687003,0.001042915,0.00371069,0.009284384,0.003363528,0.00553131,0.004665069,0.003648243,0.009346182,0.008100954,0.00785722,0.005734964,0.008423755,0.005125858,0.005186706,0.005443967,0.003132192,0.009312867,0.003328756,0.002783435,0.003193766,0.008356169,0.007916911,0.004843961,0.001124037
Food_57,0.009781615,0.002192779,0.008662804,0.008035508,0.009442682,0.007960587,0.003982344,0.003087226,0.004399217,0.002827785,0.007476173,0.008438668,0.00681795,0.002674835,0.001336462,0.006223611,0.005164058,0.002797335,0.004312755,0.005873196,0.006696254,0.005289794,0.009742535,0.001416038,0.006923871,0.009186021,0.003129078,0.002923365,0.007860095,0.005377364,0.009929598,0.006302113,0.009310977,0.001109895,0.002390857,0.007159771,0.004748197,0.008523681,0.004860083,0.00741697,0.00609544,0.002079132,0.007461561,0.007357346,0.002041463,0.006057203,0.00402085,0.005129648,0.004804828,0.00194297,0.002422207,0.001781278,0.002732023,0.008671999,0.001220704,0.004884555,0.008208427,0.001902324,0.003049422,0.007546957
Food_58,0.006827972,0.006067215,0.002544767,0.008150779,0.002272727,0.002213181,0.008155315,0.00432301,0.003813554,0.003508048,0.003924749,0.004065288,0.007267309,0.00316236,0.003927938,0.007985904,0.009218355,0.006515524,0.001946064,0.005874262,0.00665001,0.003826474,0.008452003,0.008038709,0.00617776,0.00230514,0.007276433,0.009058138,0.00325091,0.009628173,0.007941722,0.003702894,0.00655139,0.003770631,0.001895211,0.008417338,0.006992263,0.006526006,0.002279556,0.004396394,0.008889725,0.00246974,0.001431126,0.002720363,0.00325162,0.008052783,0.006833273,0.001156085,0.001155607,0.006102068,0.006699632,0.002128797,0.006494159,0.003163167,0.004030492,0.004679484,0.002045753,0.009667842,0.00976388,0.005005015
Food_59,0.003317198,0.00962735,0.008362517,0.007518057,0.005156306,0.004695208,0.008014143,0.005676523,0.006945239,0.006095737,0.007409669,0.001846945,0.00439859,0.002503803,0.003178395,0.002807418,0.005529901,0.001170937,0.009675708,0.005670674,0.001473144,0.007138485,0.003419992,0.001960908,0.008472733,0.002781168,0.001942788,0.001512158,0.00755702,0.006897441,0.001073792,0.002993325,0.007342138,0.002369268,0.006190757,0.002918408,0.005043109,0.008806808,0.003723368,0.007173752,0.004944531,0.001865397,0.004245715,0.008571521,0.009757416,0.008605735,0.002460056,0.004109584,0.008480693,0.005985063,0.007985672,0.008000049,0.001639791,0.004081659,0.005311194,0.009507022,0.009084059,0.004807288,0.001860993,0.004640881
Food_60,0.00582313,0.009139575,0.003653913,0.003779777,0.006644649,0.005546724,0.002762821,0.002302545,0.005405475,0.008014519,0.008009481,0.009782233,0.004444464,0.004527904,0.001016375,0.008469256,0.006819656,0.007929299,0.005235609,0.009281741,0.001262024,0.002037531,0.004384156,0.001765953,0.001790991,0.006101854,0.002945098,0.006638817,0.009364598,0.00841494,0.003235873,0.001806966,0.009551732,0.009950463,0.004370454,0.005146095,0.002308003,0.007391627,0.004796502,0.008227136,0.00619567,0.001385054,0.004014591,0.008277366,0.007193025,0.006692788,0.007052542,0.006445332,0.006770119,0.00658379,0.005800851,0.007819724,0.004325433,0.005277145,0.004613046,0.002882894,0.003897001,0.001495136,0.003929749,0.004515248
Food_61,0.001840457,0.002984096,0.003245876,0.003047232,0.004151995,0.002303885,0.007583512,0.004083894,0.002101287,0.006342398,0.002616834,0.001522507,0.002469629,0.004779953,0.007241581,0.006773508,0.001046854,0.008139616,0.00402119,0.007117441,0.001294059,0.004544094,0.001176495,0.00834711,0.002682705,0.007070931,0.003493595,0.00221816,0.009372658,0.006355222,0.009015679,0.003759395,0.008468518,0.009475141,0.004556654,0.009137179,0.004015772,0.0039214,0.009961594,0.009571694,0.003057565,0.008534818,0.004082121,0.00981319,0.008648359,0.009144274,0.006163062,0.003647362,0.002777725,0.005750847,0.007043642,0.007676098,0.002533449,0.005822992,0.004924988,0.002874018,0.005976661,0.003483223,0.005815491,0.002800984
Food_62,0.009099483,0.004042925,0.006493011,0.002097397,0.006670155,0.003448363,0.009608784,0.004547388,0.006466659,0.00294232,0.008753286,0.008238996,0.003210718,0.009199437,0.001361395,0.007773158,0.005120819,0.008519135,0.005189374,0.001590239,0.00303891,0.009949374,0.004007598,0.002442747,0.008252477,0.001405628,0.001597679,0.003677669,0.001426609,0.009961414,0.00722016,0.005676278,0.008246498,0.006962381,0.002559385,0.002976704,0.008809249,0.004032652,0.005028763,0.004520221,0.001468268,0.007341163,0.005860667,0.007085261,0.003504083,0.004662225,0.002733848,0.004777144,0.006881423,0.009502201,0.006971115,0.005726438,0.004747305,0.001949947,0.005293669,0.002395973,0.006239685,0.007572224,0.009518461,0.003671676
Food_63,0.00457215,0.002646567,0.008901465,0.008416695,0.007974639,0.00151561,0.006010475,0.003115122,0.002077167,0.008034518,0.002904232,0.005507305,0.005734867,0.002919538,0.00543035,0.001475379,0.001000652,0.008922897,0.004740298,0.009166778,0.005466766,0.004879975,0.003663209,0.0017352,0.003787252,0.006476232,0.007865077,0.00586743,0.007824303,0.002419764,0.006249159,0.008943429,0.002961642,0.00304902,0.007735893,0.008308511,0.003232417,0.003984128,0.006685925,0.004585885,0.006616099,0.00546787,0.007962862,0.008612998,0.008774445,0.006503726,0.006513257,0.005046822,0.001248526,0.003692622,0.001573279,0.004940067,0.008645367,0.006371218,0.007079793,0.002692072,0.003357578,0.002468189,0.008584199,0.003522817
Food_64,0.006060937,0.002270158,0.0021159,0.00412825,0.003973178,0.003959679,0.006408395,0.003843911,0.007918623,0.001816037,0.003923073,0.007022738,0.006426389,0.002075641,0.004955261,0.003782993,0.006686834,0.002168833,0.007035093,0.005174493,0.00347401,0.007726996,0.002691189,0.002370141,0.001138203,0.008751703,0.00543129,0.00565044,0.002032864,0.001969985,0.004004051,0.005646076,0.00730785,0.005493433,0.008484026,0.004396531,0.001252792,0.00483537,0.001765024,0.00389849,0.009866392,0.008716188,0.003128101,0.004383662,0.004880486,0.007874815,0.001301114,0.001347605,0.002054061,0.006654925,0.00473092,0.008640331,0.003556521,0.005403268,0.007361071,0.005906811,0.0038512,0.002372885,0.005865431,0.002279409
Food_65,0.00945374,0.005859015,0.002574238,0.007485783,0.001931925,0.007944803,0.005115602,0.002193958,0.001334899,0.009940402,0.003469315,0.009570238,0.005516527,0.005527138,0.001819627,0.009556352,0.007596063,0.005668551,0.002082314,0.002581089,0.004889499,0.004260329,0.006023242,0.001687096,0.001363114,0.005599928,0.001256512,0.001535968,0.004387073,0.001556012,0.004469227,0.003175755,0.002689933,0.004642118,0.002079135,0.004146754,0.004913863,0.008470027,0.009395256,0.003775046,0.003633778,0.006098664,0.00223673,0.00414741,0.001478947,0.004411613,0.002027362,0.006056316,0.006774344,0.009883824,0.002756248,0.002864819,0.009526776,0.008781768,0.006544486,0.008572665,0.002887229,0.008866259,0.008805768,0.00323301
Food_66,0.00557536,0.009367968,0.00711235,0.006944672,0.006037881,0.003419484,0.009805738,0.005027587,0.003803051,0.007557226,0.006469343,0.004080172,0.003734124,0.00293056,0.001706378,0.006631398,0.005551243,0.003113636,0.001496121,0.00117011,0.007646463,0.002694279,0.003399793,0.00112701,0.002355751,0.008870011,0.003178548,0.009585624,0.002479122,0.003279353,0.00880939,0.004839475,0.00341046,0.007235324,0.001461056,0.009015447,0.008574054,0.001772173,0.008187569,0.009650534,0.005428627,0.00611338,0.007118171,0.003400542,0.006846951,0.005273808,0.004649876,0.009125214,0.008181128,0.009411469,0.008529866,0.001376295,0.006458765,0.007278732,0.006983717,0.003447608,0.004830673,0.001351262,0.001846847,0.006044607
Food_67,0.006241706,0.002811064,0.005033825,0.005248695,0.001102031,0.002282687,0.006618701,0.009935381,0.006853526,0.00208195,0.008392963,0.004883839,0.001753302,0.006398421,0.003052415,0.004751036,0.003864648,0.006785686,0.004879312,0.001935839,0.00294108,0.005504007,0.008102658,0.001087689,0.006511846,0.002042936,0.006436445,0.008531269,0.003056347,0.005459633,0.007966476,0.002580197,0.00237305,0.009145413,0.00725182,0.00762916,0.008595718,0.005854832,0.005395649,0.006006316,0.007453162,0.004518436,0.001856514,0.002220372,0.009765127,0.001465459,0.007404574,0.009493134,0.002163336,0.007500379,0.003722109,0.003132685,0.008673603,0.009184183,0.004123455,0.006693828,0.002583439,0.008107835,0.008931159,0.003868051
Food_68,0.006876703,0.008887759,0.001138374,0.008701617,0.006149029,0.004726138,0.005703543,0.008416558,0.007499166,0.005511384,0.005388871,0.009093319,0.00309108,0.001861315,0.007107743,0.007319905,0.006115474,0.003362829,0.003663578,0.006553389,0.003456625,0.005496591,0.003988669,0.005593944,0.003064275,0.002782544,0.007605985,0.004471548,0.003093096,0.008725784,0.004615304,0.002042831,0.007372432,0.003519748,0.00608718,0.006613237,0.009663169,0.002719911,0.003557549,0.009389978,0.007464636,0.005043979,0.007612961,0.004720466,0.004690464,0.002407751,0.005698434,0.00336398,0.006702341,0.004587456,0.008683489,0.007942263,0.002331399,0.006319828,0.007423666,0.005629968,0.002025526,0.005529227,0.004896091,0.00393179
Food_69,0.00624282,0.003923851,0.00312001,0.007623111,0.002920339,0.008247594,0.009812449,0.004971148,0.008311531,0.00251531,0.008175732,0.009662204,0.005653211,0.003301478,0.002447436,0.009249641,0.003921153,0.005473034,0.004900884,0.00491694,0.007887324,0.009416425,0.006730972,0.009614244,0.002714002,0.006075435,0.007169563,0.007434787,0.007802627,0.003998351,0.008939751,0.00218535,0.003506821,0.005218426,0.006327983,0.003657558,0.009170431,0.005066621,0.001903036,0.008371466,0.009689085,0.004116949,0.005991792,0.006247635,0.008214588,0.002366544,0.008571287,0.007494486,0.001314281,0.006102237,0.001252304,0.00546796,0.006394718,0.006713917,0.009341908,0.003673513,0.008601093,0.005069991,0.007002459,0.008271491
Food_70,0.00751637,0.008159505,0.006724626,0.008207025,0.009181121,0.00913977,0.003950994,0.009747755,0.001519003,0.006547624,0.005457021,0.003074285,0.005816332,0.001593592,0.005983427,0.008690189,0.002268752,0.00392817,0.006680109,0.004233712,0.004735027,0.004046058,0.005344029,0.004358764,0.002298235,0.002789315,0.001713219,0.005208914,0.008608635,0.00181496,0.006928529,0.004782008,0.008842429,0.004269822,0.00724999,0.00459201,0.005877536,0.007974511,0.009710714,0.002213987,0.005761874,0.002190418,0.001274533,0.007731556,0.009849442,0.00635863,0.001651894,0.001555552,0.003830926,0.004427957,0.001034798,0.008584146,0.005217218,0.009961369,0.008957322,0.005506987,0.006643523,0.003830968,0.003730205,0.002171845
Food_71,0.005908602,0.001735041,0.005021737,0.00389552,0.0081148,0.004433011,0.009113458,0.002705774,0.009374919,0.00633958,0.002082174,0.005519352,0.003411264,0.007741328,0.006861785,0.001564629,0.004757916,0.008984226,0.004670443,0.007692675,0.002020443,0.00880225,0.005521886,0.00952815,0.005835891,0.007923031,0.009749025,0.007564123,0.00619546,0.004300373,0.001382726,0.004892911,0.004712324,0.00840756,0.002703274,0.007683804,0.001338073,0.008977288,0.007011483,0.004801994,0.003389569,0.002659609,0.006270806,0.004692148,0.007687206,0.009160971,0.003660864,0.006849103,0.0048045,0.001384651,0.006538894,0.004273323,0.001123534,0.00525052,0.00182502,0.006653527,0.005738467,0.005503139,0.009431913,0.008923846
Food_72,0.007425406,0.006197866,0.003271324,0.001073465,0.002076713,0.003882648,0.002770551,0.006130034,0.005814548,0.004508123,0.008204901,0.007580414,0.007190946,0.005524077,0.001391007,0.00485225,0.005492637,0.005030628,0.001040272,0.00687186,0.003316535,0.001401929,0.005531217,0.009284926,0.001264963,0.001123674,0.006289733,0.005886876,0.001141357,0.001927619,0.008527552,0.005073746,0.002119485,0.002403284,0.006502805,0.003957994,0.001231347,0.006724166,0.001291176,0.00199252,0.002428914,0.002289501,0.007854067,0.001841009,0.002337774,0.00502314,0.002260753,0.007722424,0.005389713,0.008916791,0.001343043,0.008696785,0.002384299,0.009330713,0.00393437,0.005597047,0.001213247,0.00756225,0.002923942,0.009249551
Food_73,0.006956083,0.003552572,0.003348177,0.002534313,0.008216835,0.004946291,0.003492511,0.009575376,0.008220167,0.006276727,0.008222038,0.002081141,0.007049474,0.003917364,0.007187581,0.009654914,0.008023236,0.00609003,0.007709799,0.005214985,0.003519507,0.001365706,0.007094827,0.002283323,0.005134132,0.007000791,0.009021646,0.006484273,0.002959522,0.005266501,0.007008581,0.002757858,0.007589546,0.007874418,0.005702764,0.008729211,0.003022659,0.005839637,0.009047478,0.007337364,0.008261869,0.002998837,0.006155025,0.003916384,0.006930248,0.005703487,0.006629399,0.00655903,0.007627922,0.008189941,0.0015569,0.009535392,0.004658004,0.002530873,0.009297821,0.008055923,0.004783184,0.006399231,0.003035775,0.004718173
Food_74,0.00460846,0.007786364,0.004885507,0.007793842,0.008110715,0.004470579,0.00496057,0.005686444,0.001031596,0.002755495,0.008624234,0.007848463,0.001694364,0.006714079,0.001186618,0.005807833,0.002453335,0.008681071,0.006533337,0.00157584,0.006771285,0.009029784,0.007603358,0.002036821,0.006985839,0.006496324,0.006682167,0.008156459,0.003739772,0.004199217,0.002816345,0.005114585,0.00468859,0.001756917,0.003183459,0.002079348,0.005990576,0.002685399,0.00393042,0.00835348,0.006146643,0.00567625,0.009499265,0.004936163,0.00895277,0.006200686,0.004648019,0.004114649,0.009130402,0.006087208,0.003265422,0.00567522,0.003247938,0.00316602,0.002162272,0.007203783,0.008029392,0.003912508,0.00468367,0.008137613
Food_75,0.001146729,0.003995479,0.003768349,0.005891065,0.009053823,0.001364651,0.008584942,0.00601415,0.006289002,0.009612691,0.002154548,0.003489792,0.003070466,0.00521956,0.006218469,0.007550767,0.001477353,0.004835165,0.009318469,0.005163335,0.008358604,0.002007818,0.003607135,0.007618572,0.006592188,0.004988374,0.007020226,0.007938715,0.009077578,0.004963196,0.006783487,0.004433143,0.009343449,0.005326153,0.004694707,0.009455241,0.001017652,0.00398774,0.00854385,0.005063035,0.004135477,0.006290348,0.004642082,0.003965533,0.00339376,0.003817409,0.009317458,0.009637056,0.001889475,0.007618725,0.006919864,0.006678718,0.00129559,0.003461085,0.007714926,0.005462261,0.001214995,0.00573864,0.008630244,0.008905782
Food_76,0.009087634,0.005745991,0.005202708,0.003199102,0.008794698,0.008198715,0.008772174,0.003033505,0.001881126,0.007286006,0.009218361,0.009249191,0.005757683,0.006778947,0.002008731,0.00347759,0.005839759,0.00892692,0.005357258,0.006334374,0.001499828,0.009681886,0.005431845,0.002442434,0.004050739,0.005619766,0.002246629,0.002769821,0.009243072,0.008852973,0.002100719,0.003510981,0.006720259,0.003337783,0.001018755,0.007310931,0.002737707,0.0039246,0.003555428,0.002371323,0.002221166,0.002304221,0.009707425,0.007541658,0.009460678,0.006143859,0.003979079,0.002475342,0.005350207,0.005440587,0.007997228,0.005755955,0.002753653,0.008327716,0.002331244,0.005760226,0.001382223,0.004322628,0.007046859,0.002248377
Food_77,0.00572392,0.005849553,0.009184196,0.005199664,0.001705158,0.002313436,0.003480478,0.008190586,0.003295975,0.006484864,0.001705435,0.002819309,0.006572285,0.001883249,0.007439883,0.005041902,0.003516177,0.008865102,0.007058423,0.001577659,0.007031779,0.002785413,0.00928233,0.002383588,0.006550206,0.003181659,0.009479498,0.003920205,0.006306729,0.002165584,0.005314349,0.006479527,0.007936266,0.006013607,0.00733239,0.008731734,0.003687011,0.004061502,0.001266165,0.005988356,0.009743778,0.007624924,0.00993327,0.005089169,0.007727262,0.002450874,0.004798058,0.006792525,0.005052809,0.0012675,0.003851583,0.00708461,0.004556743,0.005035645,0.008705613,0.003424517,0.006543385,0.008611935,0.008264356,0.003148513
Food_78,0.001459808,0.00349145,0.002587631,0.001249397,0.003739255,0.005687303,0.006852871,0.004401057,0.002838546,0.006123754,0.007771297,0.007254565,0.008712861,0.003374803,0.005527088,0.005395937,0.003894243,0.007177789,0.002208108,0.008246342,0.001329573,0.004493619,0.006465883,0.004819277,0.006901229,0.001349206,0.008804445,0.001698914,0.003589717,0.00364032,0.001106323,0.001846215,0.008666955,0.007982334,0.007641941,0.007203666,0.001670771,0.003687917,0.001059159,0.001544689,0.001340988,0.002790406,0.001506552,0.001151954,0.003204233,0.008189685,0.001506799,0.009860943,0.006918249,0.008801388,0.006946309,0.007991864,0.00370701,0.003315922,0.006979825,0.006068389,0.005550969,0.002595297,0.003075837,0.005947526
Food_79,0.004689262,0.009662611,0.005975401,0.004885405,0.00955539,0.001824525,0.003446038,0.00411755,0.008681524,0.007897708,0.003742428,0.00885307,0.00156301,0.005441202,0.006892158,0.003809749,0.00162254,0.003314443,0.005353946,0.003862957,0.004741047,0.001838122,0.001128462,0.008898514,0.001703006,0.003635421,0.006976408,0.00860054,0.003891365,0.006868617,0.005249182,0.001459117,0.004675267,0.001268632,0.009677713,0.007859654,0.004053631,0.003112664,0.004602945,0.00384548,0.00433715,0.00926843,0.004640726,0.007672595,0.002411317,0.00580313,0.005443606,0.006321088,0.007118987,0.008749175,0.003069705,0.004433807,0.001514645,0.006617632,0.009412839,0.004565774,0.00974576,0.006380877,0.00290122,0.005765761
Food_80,0.00676041,0.006996455,0.006742376,0.002706526,0.002874795,0.003173167,0.007596945,0.005494191,0.0070413,0.008194271,0.006076626,0.005240269,0.004622636,0.005826366,0.002346206,0.00807801,0.009214833,0.008311285,0.00839706,0.008464613,0.002580842,0.009962315,0.006914672,0.004788344,0.008992215,0.006241161,0.009942621,0.007768663,0.004307596,0.00768306,0.00757099,0.003816917,0.008957577,0.002266884,0.004287462,0.006726468,0.005312252,0.007103403,0.009976183,0.00170197,0.00783072,0.008356821,0.003539813,0.003296404,0.004972219,0.004544711,0.005570372,0.002904258,0.005444204,0.008314772,0.008945951,0.00700086,0.003593174,0.008859206,0.004791051,0.003086265,0.002211376,0.00965502,0.001791812,0.005767844
Food_81,0.002819595,0.008814524,0.00275074,0.007628318,0.002486044,0.00944301,0.006969925,0.004736088,0.009662343,0.005716458,0.004456664,0.00246228,0.007489804,0.006366996,0.003006036,0.003249657,0.002983439,0.005462577,0.001425604,0.003603227,0.007629615,0.006591069,0.008367365,0.007703425,0.001191496,0.006126122,0.004945751,0.0042517,0.009931434,0.00691267,0.003259631,0.005795795,0.001857087,0.00770746,0.004128866,0.00251995,0.002461793,0.00113706,0.008000922,0.007558299,0.005365233,0.003753683,0.004524505,0.008956796,0.002091698,0.001266083,0.00294152,0.005686171,0.001069146,0.001938383,0.007280776,0.005032566,0.009537751,0.009196899,0.003488121,0.004399443,0.009263546,0.006213318,0.004327497,0.00820366
Food_82,0.009320537,0.007061438,0.003078132,0.008373345,0.004784735,0.007282419,0.005377183,0.009467784,0.001615377,0.00240217,0.002751114,0.002989005,0.003118849,0.002375652,0.007236258,0.002963402,0.003119081,0.002776494,0.004588185,0.009627338,0.004301022,0.003678618,0.001617396,0.004172748,0.003089764,0.007866346,0.002004655,0.002293129,0.003506593,0.003592241,0.008616744,0.008121553,0.006207721,0.003597298,0.003869905,0.006329964,0.007658799,0.004456882,0.005586058,0.008992298,0.006848118,0.005819951,0.001641002,0.002584137,0.002808924,0.006608335,0.001973015,0.001260954,0.004243155,0.007469733,0.007239244,0.008134033,0.007266234,0.00651957,0.005375459,0.002876485,0.006116933,0.006729623,0.00211369,0.006086326
Food_83,0.001879738,0.005923691,0.00243027,0.002071122,0.002017901,0.009199228,0.006382786,0.003251428,0.00164304,0.005825633,0.002303227,0.008005626,0.005464987,0.00753804,0.004561539,0.007320905,0.007161529,0.006052746,0.008611657,0.006242262,0.006202994,0.003771848,0.009383556,0.005654256,0.004525432,0.005874781,0.002307179,0.003386127,0.003760137,0.005636429,0.007259598,0.003584822,0.002221894,0.006032964,0.008691848,0.004764089,0.005281956,0.003602877,0.008279507,0.002085985,0.002539798,0.00999961,0.007139942,0.005932472,0.008155972,0.009971942,0.002717869,0.008122537,0.004079459,0.007581094,0.007368938,0.00998497,0.002006848,0.001019129,0.00773006,0.006118992,0.007217867,0.007781725,0.005441559,0.004208811
Food_84,0.007933383,0.004421169,0.00659973,0.009040654,0.002425523,0.001080155,0.00331081,0.008177247,0.006101431,0.009515448,0.005930867,0.003392032,0.007892968,0.006917953,0.00838615,0.007011986,0.005067541,0.003493744,0.001500404,0.003771426,0.001416326,0.004870244,0.003032199,0.007332828,0.002981607,0.001732887,0.008549176,0.001540296,0.007758626,0.009364828,0.001964162,0.006037011,0.00506554,0.008188391,0.00661132,0.003504461,0.001013221,0.00534581,0.00904698,0.009148269,0.002127673,0.008746093,0.001309882,0.001831143,0.009695987,0.004482707,0.001637055,0.005234098,0.001415233,0.001147331,0.006055752,0.002900856,0.006597213,0.004012293,0.002192293,0.009859617,0.003249473,0.001557794,0.00350953,0.003265301
Food_85,0.003696817,0.004201068,0.008246487,0.00153806,0.004190794,0.00193371,0.00983977,0.002295746,0.005311315,0.005320391,0.008030604,0.003449313,0.007639965,0.001237047,0.009344354,0.001890601,0.005327466,0.002560867,0.004317551,0.006778185,0.00228225,0.003601977,0.007112641,0.008600901,0.00633608,0.005706862,0.001986481,0.002318864,0.009623722,0.001023624,0.005359768,0.007807082,0.002889667,0.005136073,0.005437551,0.003343574,0.008908761,0.009326406,0.007744032,0.001077729,0.00666033,0.003089007,0.003404662,0.002654236,0.006151703,0.005020468,0.002742077,0.009393768,0.003153008,0.00800865,0.001222218,0.002651321,0.008369795,0.005827839,0.006814968,0.004860086,0.004920689,0.002128636,0.002538934,0.009270974
Food_86,0.005118689,0.005252096,0.006996977,0.001127143,0.005794247,0.00896802,0.004755741,0.004713433,0.005079792,0.008695918,0.00649001,0.007726158,0.007463351,0.001457738,0.009790297,0.007355874,0.006221127,0.001406589,0.009262731,0.005226011,0.009200731,0.004765662,0.006195745,0.009043461,0.005147478,0.002615783,0.004825584,0.00443464,0.007577768,0.008566603,0.00110199,0.005453336,0.003405403,0.002479894,0.006991351,0.008519911,0.005899652,0.002744147,0.007761568,0.005691994,0.008241743,0.009682505,0.004774159,0.003871019,0.003538716,0.007218878,0.009746897,0.003572371,0.005160504,0.006186978,0.009585312,0.003224306,0.009654697,0.005716235,0.007555483,0.008032068,0.002481483,0.009772701,0.009785085,0.00879553
Food_87,0.008590193,0.00393638,0.008668598,0.008994952,0.003398738,0.002535906,0.007812809,0.006199618,0.001970769,0.00459555,0.003988,0.006946217,0.004783646,0.006838087,0.008194493,0.007363653,0.006557818,0.00915821,0.003230036,0.005568008,0.007805005,0.00301631,0.002905243,0.007158457,0.008025752,0.008977283,0.005034823,0.007446665,0.002538546,0.003832833,0.006689087,0.002330952,0.009601141,0.002150717,0.007990878,0.003867525,0.007596148,0.004642819,0.00772866,0.009103045,0.00636529,0.002475353,0.009559625,0.00579237,0.003154847,0.004675846,0.007489833,0.009417704,0.009159277,0.002262604,0.008846106,0.006311505,0.004687115,0.005179303,0.008151505,0.008602976,0.006921072,0.001526152,0.008276173,0.001231698
Food_88,0.004489913,0.004997507,0.00555496,0.003303581,0.004771596,0.008085686,0.003441398,0.008319257,0.001113183,0.00228519,0.009327706,0.005233599,0.001457179,0.006493989,0.005104063,0.001797289,0.004131662,0.006529835,0.006649377,0.008982127,0.005432555,0.00194264,0.002021978,0.00475123,0.00266789,0.009288584,0.002908704,0.004387328,0.005611437,0.00397362,0.006981366,0.0064473,0.009454309,0.008487632,0.006426655,0.005020405,0.006532972,0.006607594,0.003426198,0.002602158,0.005671068,0.003765368,0.004467074,0.001014973,0.007135102,0.001522139,0.007619243,0.002871639,0.002482884,0.006405006,0.009851256,0.004798626,0.008823872,0.001556568,0.005578014,0.007135893,0.004378503,0.002165226,0.001138658,0.004480681
Food_89,0.007684646,0.009914966,0.005167654,0.003654255,0.004120002,0.00182738,0.005051019,0.006644158,0.006612197,0.001114921,0.006703588,0.006991178,0.005518221,0.009503914,0.003322403,0.008667243,0.002567994,0.003357597,0.002844089,0.008967875,0.008141731,0.005054354,0.004402208,0.001116112,0.007317456,0.009684443,0.008006674,0.00309769,0.003380518,0.004805226,0.004669585,0.003091039,0.00812456,0.008074771,0.007358238,0.001044645,0.009256405,0.004038023,0.001259369,0.006736771,0.007638394,0.007038649,0.004518246,0.008750494,0.004208577,0.005844324,0.009295809,0.007551058,0.001852015,0.007994248,0.009115219,0.008428495,0.005290888,0.00842633,0.001680662,0.00328804,0.008801802,0.00137249,0.004582486,0.008744229
Food_90,0.005012693,0.001761587,0.005132013,0.007589943,0.003847528,0.009158778,0.009467168,0.00250989,0.001840478,0.003694211,0.005221384,0.002413127,0.003174115,0.009399689,0.00743392,0.006381514,0.007371601,0.001024533,0.002309692,0.007225752,0.007434716,0.008676756,0.006269952,0.00601525,0.00457874,0.008349005,0.008668207,0.005064337,0.004380336,0.001453646,0.008128689,0.007057513,0.004952818,0.005542168,0.00906447,0.008899067,0.002611752,0.008641085,0.00558765,0.001955062,0.003803353,0.007182512,0.009040905,0.001975148,0.006486879,0.00710316,0.003485593,0.007809765,0.001929955,0.003157092,0.001004419,0.005524641,0.003370924,0.001702607,0.008927933,0.002787985,0.006105878,0.003443189,0.006377496,0.00688867
Food_91,0.007530322,0.003661535,0.001425296,0.008715445,0.009723644,0.008976022,0.00174349,0.008066226,0.005374031,0.006689092,0.006505437,0.005815282,0.007075701,0.006546893,0.006191567,0.002285421,0.008784437,0.007781459,0.009679323,0.008125687,0.006242691,0.009254508,0.006888364,0.003791167,0.002579531,0.00643877,0.007625567,0.008417459,0.003567591,0.009118001,0.006201741,0.007507837,0.008273195,0.009381538,0.003609913,0.0045322,0.009099706,0.008510285,0.004592226,0.005206044,0.007454329,0.001551247,0.004305868,0.002856072,0.005669157,0.007948922,0.002169324,0.00988061,0.005204005,0.00795715,0.004171747,0.005393231,0.009683778,0.007212359,0.001230879,0.003087839,0.003333347,0.009630162,0.007926118,0.007107676
Food_92,0.001626857,0.008234331,0.002635059,0.002339024,0.008819649,0.001045334,0.001569519,0.009274654,0.003263999,0.007969044,0.006914559,0.002010091,0.00815436,0.002866519,0.007258839,0.00442768,0.005902839,0.009515858,0.003332619,0.003709895,0.003632729,0.004330205,0.006189611,0.008202261,0.009038022,0.0015507,0.006850869,0.006331641,0.006408452,0.00814,0.009440706,0.007734305,0.002544622,0.00959186,0.008786854,0.003696899,0.002100271,0.008253915,0.009787166,0.002147384,0.006862234,0.001088532,0.001319436,0.00806664,0.008340252,0.004144115,0.005031643,0.008015295,0.008719342,0.003484907,0.008058591,0.002807902,0.00502608,0.007470075,0.007172186,0.005520602,0.007028861,0.001454796,0.003594405,0.002946457
Food_93,0.001736138,0.002869202,0.008740271,0.009066515,0.005797956,0.005359556,0.005168509,0.009631405,0.009467368,0.002948391,0.001854926,0.001489449,0.00421897,0.004757886,0.003229082,0.009282026,0.008534386,0.007700168,0.005355068,0.008978462,0.009506686,0.008989048,0.003352251,0.008778046,0.004153304,0.002109414,0.007692602,0.008279961,0.009881027,0.005328617,0.003259203,0.001588524,0.004718652,0.006196858,0.005468483,0.002465089,0.004343909,0.009261158,0.005133645,0.005610011,0.005247205,0.004462437,0.001545644,0.003062661,0.005499981,0.006259895,0.005303242,0.004275035,0.008231477,0.007252891,0.009508781,0.00124962,0.007696715,0.001552383,0.003618815,0.009253918,0.007978198,0.006958172,0.004597268,0.001448448
Food_94,0.003342275,0.005327819,0.004805006,0.005123193,0.001272798,0.006697667,0.00505869,0.001151098,0.00945292,0.002779304,0.002526306,0.007795846,0.004137968,0.006503935,0.001053695,0.004882905,0.001223506,0.002886057,0.002752457,0.009738341,0.003721718,0.008553262,0.004786809,0.008759164,0.006965085,0.001063832,0.002004402,0.001282105,0.001814005,0.002982827,0.008070244,0.007603126,0.003202422,0.004513806,0.008735391,0.00165089,0.006083342,0.002035253,0.009946493,0.004974815,0.009237442,0.002376844,0.009912756,0.001533735,0.001530301,0.008409134,0.00798933,0.003231431,0.003221613,0.005253896,0.009492423,0.006632979,0.008492767,0.008803931,0.002210045,0.006209277,0.009882467,0.001860807,0.004991918,0.00788368
Food_95,0.009906194,0.002077445,0.004639954,0.007776645,0.006346719,0.008907878,0.00191932,0.005882613,0.006482745,0.008328381,0.008610603,0.005267486,0.006438924,0.001070675,0.007201261,0.001139015,0.006823795,0.005553064,0.009586537,0.002467666,0.004453991,0.008715678,0.005626858,0.008331619,0.005566829,0.007141618,0.008933883,0.001493342,0.008927722,0.002610646,0.007797674,0.00609248,0.003996302,0.009626587,0.0085729,0.003570015,0.002824148,0.004230915,0.003989042,0.002437815,0.009436668,0.008988625,0.008873605,0.005101402,0.008106401,0.004243219,0.008745389,0.009158005,0.005844699,0.00528573,0.005794292,0.0031431,0.001826728,0.00448228,0.008056672,0.007135766,0.008567855,0.005063214,0.002118448,0.005703627
Food_96,0.00135541,0.004877816,0.002812752,0.008598231,0.002160333,0.005271737,0.004466239,0.008608466,0.006054622,0.005274592,0.006365746,0.00308927,0.005692452,0.004150338,0.001980261,0.008123487,0.004247159,0.003510201,0.001005127,0.00134204,0.0032666,0.003965773,0.007292149,0.004316105,0.008168724,0.006284496,0.004155103,0.002416577,0.001012325,0.004448028,0.004660483,0.004275021,0.008221636,0.001859998,0.00203412,0.00310117,0.005623594,0.007533113,0.009132974,0.003403854,0.002150194,0.00558293,0.003696332,0.009860428,0.001358583,0.002718055,0.007782029,0.004477398,0.006060143,0.008339066,0.007001769,0.006431959,0.007136413,0.001578202,0.001880193,0.006467941,0.004310599,0.009961428,0.008385931,0.009338306
Food_97,0.00262417,0.006622573,0.001250897,0.007616281,0.001379995,0.007066716,0.00291132,0.006320719,0.003483772,0.001201625,0.007169833,0.005037932,0.007518076,0.00150656,0.005771831,0.001488398,0.002294623,0.008059719,0.003058051,0.001839912,0.002276278,0.00227289,0.008594415,0.006309483,0.008131141,0.003314972,0.006637067,0.009090168,0.005805599,0.008836607,0.002962411,0.00970234,0.001717232,0.007849975,0.002815469,0.002051989,0.006031233,0.003853201,0.00300268,0.00495211,0.009895793,0.006694098,0.003507427,0.00987312,0.0035125,0.007476865,0.003369995,0.007968758,0.006795857,0.006154362,0.005130054,0.003185589,0.006484845,0.008869128,0.001281749,0.007594028,0.008919303,0.00655199,0.003325876,0.004163276
Food_98,0.007739243,0.004301401,0.001072658,0.001949665,0.003568063,0.004538528,0.004278923,0.008257849,0.002994245,0.00469282,0.008328042,0.008140936,0.002847028,0.004276657,0.002406818,0.0018109,0.005987739,0.00387543,0.005623203,0.006291189,0.00645573,0.009466887,0.003111843,0.009082768,0.001461778,0.001273446,0.001978913,0.006793202,0.005772642,0.002459109,0.002331145,0.005764864,0.009631053,0.00264457,0.003332166,0.00208525,0.006351417,0.009340924,0.003142136,0.005251791,0.009168531,0.007374548,0.00575458,0.006753761,0.007577556,0.007556306,0.005364794,0.003533284,0.002855571,0.009267525,0.00152422,0.004033658,0.007210451,0.006400621,0.004898967,0.001938096,0.002255752,0.007268706,0.00535327,0.004055957
Food_99,0.004373142,0.004858174,0.00714751,0.00640853,0.001634347,0.002417301,0.001635001,0.001311311,0.007984044,0.00865863,0.0047456,0.009719567,0.008772379,0.008743465,0.00430466,0.009589124,0.007740369,0.004183232,0.008999496,0.001037011,0.006144319,0.005681555,0.001736109,0.008761208,0.003535401,0.004387151,0.005276381,0.008352413,0.006354442,0.006075615,0.004261398,0.003517162,0.005303082,0.003301602,0.004055603,0.004963387,0.008591508,0.009374596,0.008467672,0.005731297,0.007404015,0.004016877,0.005132772,0.009464407,0.004194527,0.002556871,0.005248847,0.006873325,0.002138628,0.002098913,0.003733254,0.009168842,0.007071435,0.002997407,0.006431388,0.006942159,0.005707492,0.007834442,0.001222651,0.002720055
Food_100,0.009697346,0.00547966,0.001688633,0.003773617,0.001015951,0.006214728,0.009995304,0.006310895,0.006490656,0.00394954,0.003133293,0.005573409,0.009098076,0.00108776,0.006126858,0.0048566,0.006590614,0.008559622,0.005041395,0.002959145,0.004389463,0.002354962,0.001764093,0.004382887,0.006631287,0.003365518,0.009241157,0.007200562,0.007176821,0.007225396,0.00101516,0.008317061,0.009258478,0.001174582,0.006384646,0.007089182,0.002766183,0.008543901,0.006632483,0.003025496,0.009704711,0.002942791,0.00710729,0.005265008,0.007509563,0.001879832,0.009572907,0.002840401,0.002983455,0.005986257,0.004147599,0.004979167,0.001333886,0.00311396,0.007961798,0.009119936,0.003101297,0.007960141,0.00126052,0.001402519
Food_101,0.004537083,0.0023312,0.002495247,0.006646573,0.008723478,0.008010705,0.004028444,0.008876944,0.008572113,0.005717905,0.005282885,0.001526162,0.002354726,0.001768719,0.005740953,0.007089746,0.006569038,0.008855967,0.006928322,0.008467369,0.002263827,0.002544833,0.00926571,0.004192342,0.002952989,0.009208623,0.009730941,0.006739927,0.004495047,0.007195472,0.001140021,0.002302411,0.00431843,0.008490021,0.003738843,0.001520847,0.004408617,0.003171287,0.001504539,0.004590318,0.004162793,0.00760456,0.001568843,0.00441149,0.004081902,0.006821394,0.008991287,0.002286908,0.008346284,0.006487511,0.001263184,0.007901998,0.005839192,0.008199359,0.004679812,0.006989525,0.002789238,0.002726601,0.004062362,0.005674965
Food_102,0.007448741,0.007001243,0.008392101,0.004837572,0.009212763,0.00198251,0.00268483,0.007153458,0.003283954,0.002481315,0.008978444,0.001615608,0.00992324,0.008763304,0.00881432,0.006658418,0.003023701,0.008182824,0.001484205,0.006239038,0.004952437,0.007753661,0.001213913,0.00448107,0.00529385,0.002371233,0.004732482,0.009194299,0.005217708,0.003265986,0.005791016,0.001547582,0.003648417,0.008052731,0.006777228,0.001215864,0.006128884,0.002956061,0.009781748,0.008053183,0.002151173,0.004469911,0.005409727,0.002641345,0.007338555,0.008572409,0.001040181,0.00219901,0.003551166,0.009856992,0.004640751,0.002532268,0.002088344,0.009112205,0.008292197,0.006573705,0.005857261,0.007994384,0.003863355,0.006758692
Food_103,0.007631609,0.006180839,0.002518588,0.009873143,0.00830076,0.005415642,0.006579732,0.007840684,0.005127267,0.007652046,0.007956351,0.005131067,0.002689913,0.006379904,0.0059886,0.005504443,0.001527238,0.007998069,0.005848374,0.004875863,0.00833403,0.002771962,0.003445132,0.006757543,0.004510522,0.003727624,0.003291543,0.005371577,0.007979832,0.008247934,0.008115127,0.008970807,0.001456676,0.009839952,0.004838153,0.002736839,0.009730205,0.008426641,0.009367512,0.005708384,0.007729677,0.005675176,0.005855051,0.009563509,0.007645213,0.006101,0.004534617,0.002478949,0.002041573,0.003696995,0.007235239,0.002723974,0.002183159,0.001699816,0.008616244,0.003170708,0.002807654,0.004517685,0.006665376,0.006276338
Food_104,0.00931292,0.007137749,0.006057744,0.007404384,0.006973511,0.007907305,0.006151837,0.008265617,0.009100516,0.007268291,0.004218579,0.003519804,0.006734671,0.006682862,0.001215195,0.007723985,0.00299687,0.001490411,0.002378793,0.006911028,0.005707492,0.00862244,0.001956275,0.00846565,0.006858261,0.002934366,0.007632151,0.007672,0.001972014,0.003398021,0.006749784,0.004425172,0.007887205,0.005824382,0.008712974,0.001999234,0.007603721,0.00518176,0.005674519,0.00355641,0.003421568,0.002708234,0.004360111,0.003150891,0.002707553,0.009656163,0.005026729,0.007103101,0.004367333,0.006128144,0.005492819,0.006514193,0.007504559,0.006975183,0.00785893,0.00231674,0.00184628,0.004050095,0.005336451,0.003019623
Food_105,0.007959021,0.007476003,0.00922221,0.007560642,0.001964308,0.006984953,0.004708534,0.003336533,0.006417563,0.003719712,0.005777707,0.006183796,0.005761602,0.001096179,0.00413865,0.00811416,0.004122061,0.005584415,0.004119689,0.002793141,0.002797781,0.007739736,0.006651574,0.009388513,0.004789042,0.006729105,0.005216856,0.005265441,0.008686786,0.005088725,0.009353501,0.006584565,0.001768819,0.001611846,0.009840828,0.004594234,0.006287129,0.004884275,0.002430068,0.002129965,0.002914265,0.00644804,0.005918802,0.003957296,0.001397568,0.003916252,0.00458473,0.007807814,0.007637356,0.002992673,0.003049066,0.006650945,0.006865987,0.006049925,0.002007742,0.003571481,0.001285329,0.007854347,0.008258531,0.009284325
Food_106,0.00179124,0.009155917,0.009265827,0.009979354,0.008000997,0.003363741,0.00338103,0.007193952,0.007117594,0.006942963,0.004178088,0.005678176,0.003713477,0.006371116,0.00795162,0.007288267,0.004892548,0.005722556,0.007951766,0.003095676,0.002991687,0.005364881,0.005447228,0.001211255,0.006237517,0.004759673,0.006187417,0.009233413,0.003998063,0.001970523,0.002858668,0.003758834,0.008771231,0.005941669,0.009955739,0.003565288,0.001618541,0.003710693,0.009933354,0.007687892,0.009235552,0.006353603,0.003478271,0.009589882,0.003062408,0.004574026,0.00364049,0.006791131,0.004762088,0.009613974,0.009706781,0.001872226,0.009354998,0.008181964,0.007411037,0.004265074,0.007116015,0.008295998,0.008473823,0.008251981
Food_107,0.003880212,0.002665117,0.005893978,0.003288034,0.008064867,0.00140203,0.004828677,0.008007292,0.001725032,0.007182812,0.003079569,0.002146545,0.003770982,0.001174026,0.006670202,0.00399618,0.009943401,0.001880554,0.009053958,0.00548162,0.002059306,0.008705056,0.00199941,0.006812734,0.003206958,0.005042058,0.006157179,0.009277079,0.003560624,0.004489254,0.002796362,0.004092595,0.002132306,0.005932751,0.006033085,0.006610358,0.003073171,0.004891201,0.001372862,0.00136231,0.003785166,0.005402287,0.007236766,0.007828061,0.004616029,0.007800458,0.007548436,0.006692268,0.002274668,0.003585196,0.005804891,0.008325387,0.004629824,0.009703596,0.006988605,0.003817501,0.006052907,0.004375663,0.00920783,0.001435125
Food_108,0.00306024,0.001869099,0.008250577,0.002719715,0.007685626,0.006054368,0.008471944,0.009954539,0.002388131,0.002353756,0.00672594,0.001326739,0.008356762,0.004389754,0.004590413,0.006148412,0.004078859,0.003702117,0.002844723,0.007469393,0.007917513,0.006472924,0.003124304,0.00725283,0.00242073,0.008904542,0.005016935,0.005282751,0.002837334,0.0065396,0.00986544,0.006301904,0.006871106,0.003596402,0.003932663,0.0027672,0.005631415,0.002331771,0.006566331,0.005187792,0.006618807,0.001636488,0.008956514,0.004407232,0.002862382,0.005507053,0.009368388,0.007248575,0.00406078,0.003734592,0.006951579,0.001799242,0.004288692,0.0053081,0.007844657,0.003929656,0.008129366,0.008044187,0.001175169,0.002713718
Food_109,0.006880549,0.005464379,0.001248727,0.00423684,0.006631962,0.009925177,0.00286187,0.002374471,0.004279316,0.005958214,0.006980494,0.004247333,0.003055975,0.00104702,0.002651023,0.001900572,0.003178989,0.00390317,0.001708646,0.004652614,0.002508635,0.006232308,0.004400897,0.006756869,0.007985389,0.001762327,0.004442308,0.009799977,0.001020786,0.005130199,0.005220186,0.008413494,0.003612042,0.007984276,0.001019802,0.00541675,0.003873884,0.0082734,0.004626526,0.001628906,0.007375483,0.001119007,0.004009749,0.00548497,0.007675682,0.003817575,0.001936877,0.008427309,0.001088404,0.00885818,0.001958478,0.002131309,0.00249606,0.002335087,0.008153011,0.008298832,0.002525212,0.002012659,0.006152326,0.007297363
Food_110,0.006031359,0.001249209,0.007894794,0.007427712,0.007455336,0.002864919,0.001632544,0.00997556,0.005300175,0.007536185,0.001867756,0.00554439,0.00553687,0.002105722,0.004164469,0.00902317,0.007211934,0.007585037,0.008904599,0.00379257,0.008109502,0.001868849,0.006197939,0.005807333,0.00488073,0.002882522,0.004847739,0.008598548,0.00757633,0.004965429,0.009708298,0.008067627,0.001398346,0.007756629,0.00746684,0.001442986,0.009339015,0.00520335,0.003152147,0.005034032,0.008504024,0.003254552,0.009226835,0.001582658,0.001804214,0.006393917,0.005588173,0.007043546,0.001391013,0.003342181,0.007328302,0.004099614,0.003741892,0.008377993,0.008164568,0.007704918,0.006648629,0.009589646,0.001189513,0.002373788
Food_111,0.005138995,0.003526209,0.003640234,0.009822666,0.001397984,0.001233081,0.009416304,0.00244081,0.001386796,0.005126908,0.008937015,0.003754583,0.009390263,0.008787485,0.003523761,0.004918953,0.009313643,0.002109581,0.00155704,0.002698476,0.003030591,0.002614501,0.001285409,0.00745893,0.002457568,0.005098501,0.002083495,0.004289663,0.004577209,0.009216874,0.007347851,0.00915528,0.005401867,0.002524075,0.004686699,0.006343106,0.005871206,0.009066749,0.0063314,0.003309677,0.009573277,0.002565336,0.005287944,0.008988855,0.007389297,0.005818442,0.007190452,0.004940141,0.004571253,0.006650542,0.007633074,0.009437142,0.00852891,0.009646233,0.002042975,0.009905261,0.002802716,0.001728135,0.006911295,0.007061386
Food_112,0.0097644,0.007939213,0.004533925,0.006400949,0.006485089,0.007888769,0.006229882,0.004477966,0.007133123,0.003160914,0.004145961,0.00164468,0.008346072,0.001638992,0.003689171,0.009330696,0.006034687,0.002960919,0.009935984,0.008926565,0.001613622,0.003072566,0.006780345,0.002789228,0.005834601,0.002492747,0.00705435,0.005781125,0.00972489,0.002204319,0.005776491,0.003805515,0.006514199,0.0028293,0.009328532,0.004941296,0.004885942,0.008076925,0.009167664,0.005445764,0.007941603,0.002295469,0.003271682,0.007236913,0.009340724,0.002054879,0.002209485,0.009777045,0.001821127,0.001386063,0.005785789,0.003019702,0.003678639,0.006561043,0.004161218,0.009960888,0.003053989,0.008787479,0.008877005,0.004938278
Food_113,0.009976027,0.003545203,0.001819574,0.006104755,0.001067246,0.005267474,0.008531234,0.004777364,0.002835931,0.0033009,0.009224274,0.006959914,0.002451807,0.005168741,0.006531344,0.005546264,0.0080658,0.001056632,0.003529579,0.006171316,0.005850098,0.001936722,0.002576945,0.007776629,0.005813069,0.006759706,0.00835077,0.00625444,0.003825545,0.005709253,0.002173525,0.003448695,0.006896174,0.001369999,0.001007658,0.008983652,0.009678959,0.009150514,0.002939154,0.00779192,0.005108212,0.001638495,0.008154875,0.008273573,0.007497798,0.009968957,0.009929054,0.002614784,0.008158712,0.006938417,0.007538211,0.009918105,0.008529573,0.004523656,0.009437191,0.008876489,0.007356102,0.009432634,0.005160401,0.007419306
Food_114,0.001036786,0.00611723,0.007513202,0.004447107,0.008811264,0.00536561,0.003542962,0.005945005,0.009149642,0.00714204,0.009550714,0.005028573,0.006926315,0.006655543,0.003152109,0.00770118,0.001611925,0.006176118,0.002602135,0.002695092,0.009818484,0.004460686,0.005676503,0.006986024,0.005484618,0.007532888,0.001234272,0.007090314,0.003919541,0.008914277,0.002290671,0.001275791,0.00154856,0.005699666,0.002937238,0.007778599,0.001499734,0.00311346,0.008472175,0.00141077,0.008088515,0.002005886,0.008584831,0.00805638,0.002968802,0.004617752,0.005122041,0.004543989,0.002899285,0.003035421,0.007216263,0.002364014,0.003537879,0.001567232,0.002962975,0.001340277,0.007285049,0.004639862,0.004399015,0.005370744
Food_115,0.003351652,0.004243002,0.006318691,0.003020715,0.005157712,0.006174304,0.002242846,0.003762729,0.00596991,0.004611338,0.007443951,0.003081896,0.005236513,0.008389415,0.002284924,0.009054351,0.005025213,0.005318563,0.006723176,0.005876502,0.008409251,0.002679761,0.002169142,0.003371362,0.00998032,0.00188978,0.005774066,0.007960427,0.008493365,0.009616822,0.009956502,0.005970305,0.003167082,0.005679068,0.00762429,0.005290009,0.003450792,0.008398837,0.008462034,0.005955831,0.00641404,0.005621808,0.008039236,0.008983704,0.001018107,0.009762643,0.004097087,0.004592146,0.004309149,0.00859927,0.007631134,0.002610198,0.004672842,0.001024541,0.00822802,0.003126524,0.00174715,0.006946921,0.00297186,0.005941069
Food_116,0.002450844,0.008110975,0.009837762,0.001967429,0.008572713,0.005408106,0.001462698,0.005691768,0.005337306,0.009022717,0.004063526,0.007817429,0.002190754,0.004496529,0.00585423,0.002633701,0.00277993,0.003208068,0.007685168,0.009491418,0.002144398,0.005931459,0.002323934,0.001488303,0.001355114,0.004860158,0.004827905,0.006977732,0.004509386,0.003067448,0.00186673,0.00614042,0.002956047,0.004394355,0.001157773,0.003241379,0.006859025,0.00210824,0.006952198,0.008743787,0.00882432,0.002416563,0.005205994,0.009051073,0.007569336,0.008797477,0.004482037,0.005491114,0.009056026,0.004861123,0.007031509,0.004821317,0.007372058,0.006519023,0.004974431,0.005941198,0.00638334,0.008911524,0.007091841,0.00742379
Food_117,0.009729339,0.001608956,0.002688522,0.003863101,0.009514606,0.003056995,0.006085851,0.00205985,0.003436005,0.003484987,0.007376196,0.001979462,0.00781286,0.003731916,0.007601234,0.00429905,0.00483761,0.002132477,0.001961577,0.005876577,0.006733631,0.001829176,0.00225489,0.001291985,0.002461678,0.003003198,0.007216328,0.001586932,0.007186659,0.004648856,0.002286584,0.009840963,0.005538421,0.003647658,0.001499547,0.003828895,0.006512106,0.003211956,0.006123173,0.003504503,0.00140009,0.004718496,0.004209583,0.003213011,0.005760746,0.004506605,0.009549509,0.006591062,0.004223387,0.00292903,0.006986115,0.009281158,0.006644018,0.00846453,0.007158058,0.009524634,0.00466488,0.007954527,0.005582674,0.001445423
Food_118,0.00111936,0.004826111,0.00693977,0.008769453,0.001293608,0.009476597,0.008962845,0.008862555,0.006784028,0.005199923,0.008235945,0.002855568,0.003630624,0.00255424,0.009981836,0.002729632,0.007306758,0.00515865,0.001299658,0.001731372,0.009364855,0.007700884,0.005914088,0.002885183,0.001057205,0.007953849,0.003810688,0.002926365,0.002550804,0.008279167,0.006585696,0.006771707,0.009328935,0.009026191,0.007124151,0.009649242,0.003060649,0.00117642,0.009295361,0.003378952,0.009757927,0.003016352,0.003506136,0.009185048,0.008313896,0.001876521,0.006179241,0.002419764,0.001645044,0.006511436,0.001702473,0.005247055,0.006530615,0.009451924,0.00929145,0.006467117,0.005524413,0.006853521,0.009324689,0.009918464
Food_119,0.001297813,0.009725969,0.008228674,0.001675044,0.008201511,0.006963696,0.009151641,0.005120176,0.005530046,0.00853582,0.00535409,0.005737311,0.00319923,0.003973803,0.003588835,0.001410969,0.006247304,0.008583864,0.007932814,0.003219271,0.006276787,0.005413876,0.008348985,0.004181319,0.001329373,0.008985482,0.007032524,0.002636726,0.002851337,0.004583799,0.005287494,0.003972701,0.005641034,0.009032052,0.006669646,0.004325762,0.008743988,0.007261507,0.006343515,0.005648663,0.001790533,0.006336416,0.004584334,0.005952961,0.002116585,0.008075598,0.005607604,0.008478375,0.00286131,0.009442757,0.006203662,0.001681171,0.003823459,0.009844164,0.006520007,0.004777723,0.009241223,0.004251562,0.007724312,0.002316386
Food_120,0.007274437,0.005422958,0.004821663,0.003084483,0.009887103,0.002112574,0.002831427,0.004396702,0.002180083,0.00941792,0.009193433,0.004943735,0.005431606,0.001558815,0.008554356,0.008024388,0.004539601,0.005293785,0.006934256,0.005190211,0.003458714,0.003677369,0.005655817,0.009950779,0.005409331,0.001502177,0.009448259,0.003753738,0.001358428,0.001650572,0.002540211,0.006707408,0.004311875,0.0092557,0.008139462,0.003887532,0.009875042,0.006998489,0.001156949,0.005167794,0.009192915,0.003663643,0.009341798,0.006538268,0.006247393,0.004292444,0.009612312,0.004875546,0.006709476,0.006733768,0.00679054,0.003754385,0.008782673,0.006342432,0.00449601,0.003900469,0.002023163,0.006492182,0.008043467,0.004802192
